CREATE TABLE "fullname" (
	"id"	INTEGER NOT NULL PRIMARY KEY AUTOINCREMENT,
	"val"	TEXT NOT NULL UNIQUE
);
INSERT INTO fullname(id,val) VALUES(1,'Muye Wen');
INSERT INTO fullname(id,val) VALUES(2,'文牧野');
INSERT INTO fullname(id,val) VALUES(3,'Zheng Xu');
INSERT INTO fullname(id,val) VALUES(4,'徐峥');
INSERT INTO fullname(id,val) VALUES(5,'Chuanjun Wang');
INSERT INTO fullname(id,val) VALUES(6,'王传君');
INSERT INTO fullname(id,val) VALUES(7,'Yiwei Zhou');
INSERT INTO fullname(id,val) VALUES(8,'周一围');
INSERT INTO fullname(id,val) VALUES(9,'Zhuo Tan');
INSERT INTO fullname(id,val) VALUES(10,'谭卓');
INSERT INTO fullname(id,val) VALUES(11,'Luc Besson');
INSERT INTO fullname(id,val) VALUES(12,'吕克·贝松');
INSERT INTO fullname(id,val) VALUES(13,'Jean Reno');
INSERT INTO fullname(id,val) VALUES(14,'让·雷诺');
INSERT INTO fullname(id,val) VALUES(15,'Natalie Portman');
INSERT INTO fullname(id,val) VALUES(16,'娜塔莉·波特曼');
INSERT INTO fullname(id,val) VALUES(17,'Gary Oldman');
INSERT INTO fullname(id,val) VALUES(18,'加里·奥德曼');
INSERT INTO fullname(id,val) VALUES(19,'Danny Aiello');
INSERT INTO fullname(id,val) VALUES(20,'丹尼·爱罗');
INSERT INTO fullname(id,val) VALUES(61,'Frank Darabont');
INSERT INTO fullname(id,val) VALUES(62,'弗兰克·德拉邦特');
INSERT INTO fullname(id,val) VALUES(63,'Tim Robbins');
INSERT INTO fullname(id,val) VALUES(64,'蒂姆·罗宾斯');
INSERT INTO fullname(id,val) VALUES(65,'Morgan Freeman');
INSERT INTO fullname(id,val) VALUES(66,'摩根·弗里曼');
INSERT INTO fullname(id,val) VALUES(67,'Bob Gunton');
INSERT INTO fullname(id,val) VALUES(68,'鲍勃·冈顿');
INSERT INTO fullname(id,val) VALUES(69,'William Sadler');
INSERT INTO fullname(id,val) VALUES(70,'威廉姆·赛德勒');
INSERT INTO fullname(id,val) VALUES(71,'Frant Gwo');
INSERT INTO fullname(id,val) VALUES(72,'郭帆');
INSERT INTO fullname(id,val) VALUES(73,'Chuxiao Qu');
INSERT INTO fullname(id,val) VALUES(74,'屈楚萧');
INSERT INTO fullname(id,val) VALUES(75,'Jing Wu');
INSERT INTO fullname(id,val) VALUES(76,'吴京');
INSERT INTO fullname(id,val) VALUES(77,'Guangjie Li');
INSERT INTO fullname(id,val) VALUES(78,'李光洁');
INSERT INTO fullname(id,val) VALUES(79,'Man Tat Ng');
INSERT INTO fullname(id,val) VALUES(80,'吴孟达');
CREATE TABLE "genre" (
	"id"	INTEGER NOT NULL PRIMARY KEY AUTOINCREMENT,
	"val"	INTEGER NOT NULL UNIQUE
);
INSERT INTO genre(id,val) VALUES(1,'剧情');
INSERT INTO genre(id,val) VALUES(2,'喜剧');
INSERT INTO genre(id,val) VALUES(4,'动作');
INSERT INTO genre(id,val) VALUES(5,'犯罪');
INSERT INTO genre(id,val) VALUES(18,'科幻');
INSERT INTO genre(id,val) VALUES(19,'灾难');
CREATE TABLE "img" (
	"id"	INTEGER NOT NULL PRIMARY KEY AUTOINCREMENT,
	"str_id"	INTEGER NOT NULL,
	"val"	TEXT NOT NULL
);
INSERT INTO img(id,str_id,val) VALUES(1,1,'2519070834');
INSERT INTO img(id,str_id,val) VALUES(2,1,'2527119568');
INSERT INTO img(id,str_id,val) VALUES(3,1,'2525712050');
INSERT INTO img(id,str_id,val) VALUES(4,1,'2519071023');
INSERT INTO img(id,str_id,val) VALUES(5,1,'2533371807');
INSERT INTO img(id,str_id,val) VALUES(6,1,'2527670057');
INSERT INTO img(id,str_id,val) VALUES(7,1,'2542623832');
INSERT INTO img(id,str_id,val) VALUES(8,1,'2526670704');
INSERT INTO img(id,str_id,val) VALUES(9,1,'2463041948');
INSERT INTO img(id,str_id,val) VALUES(10,1,'2523632231');
INSERT INTO img(id,str_id,val) VALUES(11,1,'2519432317');
INSERT INTO img(id,str_id,val) VALUES(12,1,'2446515338');
INSERT INTO img(id,str_id,val) VALUES(13,1,'2526885859');
INSERT INTO img(id,str_id,val) VALUES(14,1,'2533206566');
INSERT INTO img(id,str_id,val) VALUES(15,1,'2527639766');
INSERT INTO img(id,str_id,val) VALUES(16,1,'2527639770');
INSERT INTO img(id,str_id,val) VALUES(17,1,'2524877538');
INSERT INTO img(id,str_id,val) VALUES(18,1,'2526669698');
INSERT INTO img(id,str_id,val) VALUES(19,1,'2526669960');
INSERT INTO img(id,str_id,val) VALUES(20,1,'2527053127');
INSERT INTO img(id,str_id,val) VALUES(21,1,'2522332167');
INSERT INTO img(id,str_id,val) VALUES(22,1,'2526669973');
INSERT INTO img(id,str_id,val) VALUES(23,1,'2526669701');
INSERT INTO img(id,str_id,val) VALUES(24,1,'2526669983');
INSERT INTO img(id,str_id,val) VALUES(25,1,'2522332128');
INSERT INTO img(id,str_id,val) VALUES(26,1,'2522332160');
INSERT INTO img(id,str_id,val) VALUES(27,1,'2527053144');
INSERT INTO img(id,str_id,val) VALUES(28,1,'2526669706');
INSERT INTO img(id,str_id,val) VALUES(29,1,'2526669692');
INSERT INTO img(id,str_id,val) VALUES(30,1,'2527053136');
INSERT INTO img(id,str_id,val) VALUES(31,1,'2526680361');
INSERT INTO img(id,str_id,val) VALUES(32,1,'2526669970');
INSERT INTO img(id,str_id,val) VALUES(33,1,'2526669947');
INSERT INTO img(id,str_id,val) VALUES(34,1,'2526669709');
INSERT INTO img(id,str_id,val) VALUES(35,1,'2526669695');
INSERT INTO img(id,str_id,val) VALUES(36,1,'2522332164');
INSERT INTO img(id,str_id,val) VALUES(37,1,'2522332142');
INSERT INTO img(id,str_id,val) VALUES(38,1,'2522332135');
INSERT INTO img(id,str_id,val) VALUES(39,1,'2527053148');
INSERT INTO img(id,str_id,val) VALUES(40,1,'2527053146');
INSERT INTO img(id,str_id,val) VALUES(41,1,'2527053131');
INSERT INTO img(id,str_id,val) VALUES(42,1,'2526669951');
INSERT INTO img(id,str_id,val) VALUES(43,1,'2527053140');
INSERT INTO img(id,str_id,val) VALUES(44,1,'2526669693');
INSERT INTO img(id,str_id,val) VALUES(45,1,'2522332162');
INSERT INTO img(id,str_id,val) VALUES(46,1,'2527176743');
INSERT INTO img(id,str_id,val) VALUES(47,1,'2527369296');
INSERT INTO img(id,str_id,val) VALUES(48,1,'2527369289');
INSERT INTO img(id,str_id,val) VALUES(49,1,'2527317367');
INSERT INTO img(id,str_id,val) VALUES(50,1,'2327709524');
INSERT INTO img(id,str_id,val) VALUES(51,1,'2527369292');
INSERT INTO img(id,str_id,val) VALUES(52,1,'2527369288');
INSERT INTO img(id,str_id,val) VALUES(53,1,'2527369290');
INSERT INTO img(id,str_id,val) VALUES(54,1,'2527369285');
INSERT INTO img(id,str_id,val) VALUES(55,1,'2527369297');
INSERT INTO img(id,str_id,val) VALUES(56,1,'2527369279');
INSERT INTO img(id,str_id,val) VALUES(57,1,'2527306079');
INSERT INTO img(id,str_id,val) VALUES(58,1,'2527462174');
INSERT INTO img(id,str_id,val) VALUES(59,1,'2526120906');
INSERT INTO img(id,str_id,val) VALUES(60,1,'2533206559');
INSERT INTO img(id,str_id,val) VALUES(61,1,'2528211514');
INSERT INTO img(id,str_id,val) VALUES(62,1,'2527720045');
INSERT INTO img(id,str_id,val) VALUES(63,1,'2527369294');
INSERT INTO img(id,str_id,val) VALUES(64,1,'2527306080');
INSERT INTO img(id,str_id,val) VALUES(65,1,'2527088333');
INSERT INTO img(id,str_id,val) VALUES(66,1,'2526964822');
INSERT INTO img(id,str_id,val) VALUES(67,1,'2526964041');
INSERT INTO img(id,str_id,val) VALUES(68,1,'2524820496');
INSERT INTO img(id,str_id,val) VALUES(69,1,'2524135040');
INSERT INTO img(id,str_id,val) VALUES(70,1,'2527306078');
INSERT INTO img(id,str_id,val) VALUES(71,1,'2527142972');
INSERT INTO img(id,str_id,val) VALUES(72,1,'2556288801');
INSERT INTO img(id,str_id,val) VALUES(73,1,'2533206555');
INSERT INTO img(id,str_id,val) VALUES(74,1,'2528127947');
INSERT INTO img(id,str_id,val) VALUES(75,1,'2527720044');
INSERT INTO img(id,str_id,val) VALUES(76,1,'2527398216');
INSERT INTO img(id,str_id,val) VALUES(77,1,'2527306081');
INSERT INTO img(id,str_id,val) VALUES(78,1,'2527306077');
INSERT INTO img(id,str_id,val) VALUES(79,1,'2527306076');
INSERT INTO img(id,str_id,val) VALUES(80,1,'511118051');
INSERT INTO img(id,str_id,val) VALUES(81,1,'1852162545');
INSERT INTO img(id,str_id,val) VALUES(82,1,'2408302602');
INSERT INTO img(id,str_id,val) VALUES(83,1,'1356574518');
INSERT INTO img(id,str_id,val) VALUES(84,1,'511117239');
INSERT INTO img(id,str_id,val) VALUES(85,1,'511116611');
INSERT INTO img(id,str_id,val) VALUES(86,1,'511116452');
INSERT INTO img(id,str_id,val) VALUES(87,1,'2408302660');
INSERT INTO img(id,str_id,val) VALUES(88,1,'1171094550');
INSERT INTO img(id,str_id,val) VALUES(89,1,'1687571667');
INSERT INTO img(id,str_id,val) VALUES(90,1,'1356574656');
INSERT INTO img(id,str_id,val) VALUES(91,1,'1356572052');
INSERT INTO img(id,str_id,val) VALUES(92,1,'511114526');
INSERT INTO img(id,str_id,val) VALUES(93,1,'2495808382');
INSERT INTO img(id,str_id,val) VALUES(94,1,'1923816092');
INSERT INTO img(id,str_id,val) VALUES(95,1,'2512042974');
INSERT INTO img(id,str_id,val) VALUES(96,1,'2497051419');
INSERT INTO img(id,str_id,val) VALUES(97,1,'1356574412');
INSERT INTO img(id,str_id,val) VALUES(98,1,'511115975');
INSERT INTO img(id,str_id,val) VALUES(99,1,'1356576835');
INSERT INTO img(id,str_id,val) VALUES(100,1,'1356574624');
INSERT INTO img(id,str_id,val) VALUES(101,1,'1356574570');
INSERT INTO img(id,str_id,val) VALUES(102,1,'1356572293');
INSERT INTO img(id,str_id,val) VALUES(103,1,'1356572122');
INSERT INTO img(id,str_id,val) VALUES(104,1,'511115615');
INSERT INTO img(id,str_id,val) VALUES(105,1,'2532307938');
INSERT INTO img(id,str_id,val) VALUES(106,1,'2516765343');
INSERT INTO img(id,str_id,val) VALUES(107,1,'2510917941');
INSERT INTO img(id,str_id,val) VALUES(108,1,'2507041779');
INSERT INTO img(id,str_id,val) VALUES(109,1,'1356577035');
INSERT INTO img(id,str_id,val) VALUES(110,1,'1356576864');
INSERT INTO img(id,str_id,val) VALUES(111,1,'1356574181');
INSERT INTO img(id,str_id,val) VALUES(112,1,'1356572380');
INSERT INTO img(id,str_id,val) VALUES(113,1,'1236051230');
INSERT INTO img(id,str_id,val) VALUES(114,1,'1236051017');
INSERT INTO img(id,str_id,val) VALUES(115,1,'920293484');
INSERT INTO img(id,str_id,val) VALUES(116,1,'511117240');
INSERT INTO img(id,str_id,val) VALUES(117,1,'511115228');
INSERT INTO img(id,str_id,val) VALUES(118,1,'511114985');
INSERT INTO img(id,str_id,val) VALUES(119,1,'2444885077');
INSERT INTO img(id,str_id,val) VALUES(120,1,'511117673');
INSERT INTO img(id,str_id,val) VALUES(121,1,'454828444');
INSERT INTO img(id,str_id,val) VALUES(122,1,'1915006436');
INSERT INTO img(id,str_id,val) VALUES(123,1,'1356576774');
INSERT INTO img(id,str_id,val) VALUES(124,1,'1236054636');
INSERT INTO img(id,str_id,val) VALUES(125,1,'511109978');
INSERT INTO img(id,str_id,val) VALUES(126,1,'1356574347');
INSERT INTO img(id,str_id,val) VALUES(127,1,'1236054558');
INSERT INTO img(id,str_id,val) VALUES(128,1,'2519443016');
INSERT INTO img(id,str_id,val) VALUES(129,1,'1356577082');
INSERT INTO img(id,str_id,val) VALUES(130,1,'1356574105');
INSERT INTO img(id,str_id,val) VALUES(131,1,'511111418');
INSERT INTO img(id,str_id,val) VALUES(132,1,'511109689');
INSERT INTO img(id,str_id,val) VALUES(133,1,'511109490');
INSERT INTO img(id,str_id,val) VALUES(134,1,'1020832242');
INSERT INTO img(id,str_id,val) VALUES(245,1,'1292486269');
INSERT INTO img(id,str_id,val) VALUES(246,1,'1997136753');
INSERT INTO img(id,str_id,val) VALUES(247,1,'1189986476');
INSERT INTO img(id,str_id,val) VALUES(248,1,'1515657699');
INSERT INTO img(id,str_id,val) VALUES(249,1,'1213534001');
INSERT INTO img(id,str_id,val) VALUES(250,1,'1559789644');
INSERT INTO img(id,str_id,val) VALUES(251,1,'1214790100');
INSERT INTO img(id,str_id,val) VALUES(252,1,'2164232172');
INSERT INTO img(id,str_id,val) VALUES(253,1,'921290230');
INSERT INTO img(id,str_id,val) VALUES(254,1,'2247238339');
INSERT INTO img(id,str_id,val) VALUES(255,1,'2170705366');
INSERT INTO img(id,str_id,val) VALUES(256,1,'2510130279');
INSERT INTO img(id,str_id,val) VALUES(257,1,'2444885062');
INSERT INTO img(id,str_id,val) VALUES(258,1,'2086692875');
INSERT INTO img(id,str_id,val) VALUES(259,1,'1257859013');
INSERT INTO img(id,str_id,val) VALUES(260,1,'1236057340');
INSERT INTO img(id,str_id,val) VALUES(261,1,'1404187345');
INSERT INTO img(id,str_id,val) VALUES(262,1,'2444883468');
INSERT INTO img(id,str_id,val) VALUES(263,1,'2300488385');
INSERT INTO img(id,str_id,val) VALUES(264,1,'2279669177');
INSERT INTO img(id,str_id,val) VALUES(265,1,'2238374946');
INSERT INTO img(id,str_id,val) VALUES(266,1,'2157266331');
INSERT INTO img(id,str_id,val) VALUES(267,1,'1810572581');
INSERT INTO img(id,str_id,val) VALUES(268,1,'1687568429');
INSERT INTO img(id,str_id,val) VALUES(269,1,'1572729112');
INSERT INTO img(id,str_id,val) VALUES(270,1,'1392871845');
INSERT INTO img(id,str_id,val) VALUES(271,1,'1376980232');
INSERT INTO img(id,str_id,val) VALUES(272,1,'1345424087');
INSERT INTO img(id,str_id,val) VALUES(273,1,'511121098');
INSERT INTO img(id,str_id,val) VALUES(274,1,'510888315');
INSERT INTO img(id,str_id,val) VALUES(275,1,'2512041229');
INSERT INTO img(id,str_id,val) VALUES(276,1,'2502649299');
INSERT INTO img(id,str_id,val) VALUES(277,1,'2462267736');
INSERT INTO img(id,str_id,val) VALUES(278,1,'2264086600');
INSERT INTO img(id,str_id,val) VALUES(279,1,'2168338256');
INSERT INTO img(id,str_id,val) VALUES(280,1,'2159348748');
INSERT INTO img(id,str_id,val) VALUES(281,1,'2089491880');
INSERT INTO img(id,str_id,val) VALUES(282,1,'2020792661');
INSERT INTO img(id,str_id,val) VALUES(283,1,'1404137779');
INSERT INTO img(id,str_id,val) VALUES(284,1,'1236054371');
INSERT INTO img(id,str_id,val) VALUES(285,1,'921290140');
INSERT INTO img(id,str_id,val) VALUES(286,1,'921281266');
INSERT INTO img(id,str_id,val) VALUES(287,1,'921281191');
INSERT INTO img(id,str_id,val) VALUES(288,1,'921265242');
INSERT INTO img(id,str_id,val) VALUES(289,1,'921265147');
INSERT INTO img(id,str_id,val) VALUES(290,1,'921265063');
INSERT INTO img(id,str_id,val) VALUES(291,1,'920258346');
INSERT INTO img(id,str_id,val) VALUES(292,1,'510888261');
INSERT INTO img(id,str_id,val) VALUES(293,1,'510888045');
INSERT INTO img(id,str_id,val) VALUES(294,1,'510887083');
INSERT INTO img(id,str_id,val) VALUES(295,1,'2551453029');
INSERT INTO img(id,str_id,val) VALUES(296,1,'2532018716');
INSERT INTO img(id,str_id,val) VALUES(297,1,'2522279847');
INSERT INTO img(id,str_id,val) VALUES(298,1,'2517544462');
INSERT INTO img(id,str_id,val) VALUES(299,1,'2517544433');
INSERT INTO img(id,str_id,val) VALUES(300,1,'2517543406');
INSERT INTO img(id,str_id,val) VALUES(301,1,'2500521819');
INSERT INTO img(id,str_id,val) VALUES(302,1,'2500521787');
INSERT INTO img(id,str_id,val) VALUES(303,1,'2460265350');
INSERT INTO img(id,str_id,val) VALUES(304,1,'2444885048');
INSERT INTO img(id,str_id,val) VALUES(305,1,'2288061350');
INSERT INTO img(id,str_id,val) VALUES(306,1,'2279669197');
INSERT INTO img(id,str_id,val) VALUES(307,1,'2264086593');
INSERT INTO img(id,str_id,val) VALUES(308,1,'1687571798');
INSERT INTO img(id,str_id,val) VALUES(309,1,'1687568882');
INSERT INTO img(id,str_id,val) VALUES(310,1,'1687568821');
INSERT INTO img(id,str_id,val) VALUES(311,1,'1687568755');
INSERT INTO img(id,str_id,val) VALUES(312,1,'1687568712');
INSERT INTO img(id,str_id,val) VALUES(313,1,'1687568668');
INSERT INTO img(id,str_id,val) VALUES(314,1,'1687568537');
INSERT INTO img(id,str_id,val) VALUES(315,1,'1687568388');
INSERT INTO img(id,str_id,val) VALUES(316,1,'1687568326');
INSERT INTO img(id,str_id,val) VALUES(317,1,'1687568295');
INSERT INTO img(id,str_id,val) VALUES(318,1,'1356577856');
INSERT INTO img(id,str_id,val) VALUES(319,1,'1356577565');
INSERT INTO img(id,str_id,val) VALUES(320,1,'1236057262');
INSERT INTO img(id,str_id,val) VALUES(321,1,'1190367153');
INSERT INTO img(id,str_id,val) VALUES(322,1,'1153539079');
INSERT INTO img(id,str_id,val) VALUES(323,1,'921281130');
INSERT INTO img(id,str_id,val) VALUES(324,1,'510887842');
INSERT INTO img(id,str_id,val) VALUES(325,1,'510887569');
INSERT INTO img(id,str_id,val) VALUES(326,1,'510887477');
INSERT INTO img(id,str_id,val) VALUES(327,1,'480747492');
INSERT INTO img(id,str_id,val) VALUES(328,1,'1593537722');
INSERT INTO img(id,str_id,val) VALUES(329,1,'478057506');
INSERT INTO img(id,str_id,val) VALUES(330,1,'1179738178');
INSERT INTO img(id,str_id,val) VALUES(331,1,'766241069');
INSERT INTO img(id,str_id,val) VALUES(332,1,'1435892728');
INSERT INTO img(id,str_id,val) VALUES(333,1,'1435906043');
INSERT INTO img(id,str_id,val) VALUES(334,1,'480770143');
INSERT INTO img(id,str_id,val) VALUES(335,1,'1435907733');
INSERT INTO img(id,str_id,val) VALUES(336,1,'1435893384');
INSERT INTO img(id,str_id,val) VALUES(337,1,'1435907059');
INSERT INTO img(id,str_id,val) VALUES(338,1,'1435905799');
INSERT INTO img(id,str_id,val) VALUES(339,1,'1435902197');
INSERT INTO img(id,str_id,val) VALUES(340,1,'1435895101');
INSERT INTO img(id,str_id,val) VALUES(341,1,'2303923035');
INSERT INTO img(id,str_id,val) VALUES(342,1,'1435907605');
INSERT INTO img(id,str_id,val) VALUES(343,1,'1435906262');
INSERT INTO img(id,str_id,val) VALUES(344,1,'1435891422');
INSERT INTO img(id,str_id,val) VALUES(345,1,'480779067');
INSERT INTO img(id,str_id,val) VALUES(346,1,'480756625');
INSERT INTO img(id,str_id,val) VALUES(347,1,'480745516');
INSERT INTO img(id,str_id,val) VALUES(348,1,'2544027209');
INSERT INTO img(id,str_id,val) VALUES(349,1,'1593537715');
INSERT INTO img(id,str_id,val) VALUES(350,1,'1435902862');
INSERT INTO img(id,str_id,val) VALUES(351,1,'1435894655');
INSERT INTO img(id,str_id,val) VALUES(352,1,'1435894447');
INSERT INTO img(id,str_id,val) VALUES(353,1,'1435893739');
INSERT INTO img(id,str_id,val) VALUES(354,1,'1435892967');
INSERT INTO img(id,str_id,val) VALUES(355,1,'490582440');
INSERT INTO img(id,str_id,val) VALUES(356,1,'480768660');
INSERT INTO img(id,str_id,val) VALUES(357,1,'480765736');
INSERT INTO img(id,str_id,val) VALUES(358,1,'480759290');
INSERT INTO img(id,str_id,val) VALUES(359,1,'480754340');
INSERT INTO img(id,str_id,val) VALUES(360,1,'480752379');
INSERT INTO img(id,str_id,val) VALUES(361,1,'478059816');
INSERT INTO img(id,str_id,val) VALUES(362,1,'478059558');
INSERT INTO img(id,str_id,val) VALUES(363,1,'1435905572');
INSERT INTO img(id,str_id,val) VALUES(364,1,'1435903142');
INSERT INTO img(id,str_id,val) VALUES(365,1,'1887186738');
INSERT INTO img(id,str_id,val) VALUES(366,1,'1887186687');
INSERT INTO img(id,str_id,val) VALUES(367,1,'480763832');
INSERT INTO img(id,str_id,val) VALUES(368,1,'595021739');
INSERT INTO img(id,str_id,val) VALUES(369,1,'1588370063');
INSERT INTO img(id,str_id,val) VALUES(370,1,'2400429471');
INSERT INTO img(id,str_id,val) VALUES(371,1,'825411510');
INSERT INTO img(id,str_id,val) VALUES(372,1,'2198974706');
INSERT INTO img(id,str_id,val) VALUES(373,1,'2497061789');
INSERT INTO img(id,str_id,val) VALUES(374,1,'1449357575');
INSERT INTO img(id,str_id,val) VALUES(375,1,'1449357562');
INSERT INTO img(id,str_id,val) VALUES(376,1,'2431236165');
INSERT INTO img(id,str_id,val) VALUES(377,1,'2180112923');
INSERT INTO img(id,str_id,val) VALUES(378,1,'478037748');
INSERT INTO img(id,str_id,val) VALUES(379,1,'1521984711');
INSERT INTO img(id,str_id,val) VALUES(380,1,'2456001826');
INSERT INTO img(id,str_id,val) VALUES(381,1,'1449357501');
INSERT INTO img(id,str_id,val) VALUES(382,1,'1441997238');
INSERT INTO img(id,str_id,val) VALUES(383,1,'1435892012');
INSERT INTO img(id,str_id,val) VALUES(384,1,'1442012787');
INSERT INTO img(id,str_id,val) VALUES(385,1,'1435907334');
INSERT INTO img(id,str_id,val) VALUES(386,1,'2497747699');
INSERT INTO img(id,str_id,val) VALUES(387,1,'1486326363');
INSERT INTO img(id,str_id,val) VALUES(388,1,'1449357539');
INSERT INTO img(id,str_id,val) VALUES(389,1,'825410134');
INSERT INTO img(id,str_id,val) VALUES(390,1,'480761902');
INSERT INTO img(id,str_id,val) VALUES(391,1,'2554324657');
INSERT INTO img(id,str_id,val) VALUES(392,1,'2554324155');
INSERT INTO img(id,str_id,val) VALUES(393,1,'2554324154');
INSERT INTO img(id,str_id,val) VALUES(394,1,'2554324152');
INSERT INTO img(id,str_id,val) VALUES(395,1,'2554324106');
INSERT INTO img(id,str_id,val) VALUES(396,1,'2554324105');
INSERT INTO img(id,str_id,val) VALUES(397,1,'2554324089');
INSERT INTO img(id,str_id,val) VALUES(398,1,'2554324088');
INSERT INTO img(id,str_id,val) VALUES(399,1,'2554324075');
INSERT INTO img(id,str_id,val) VALUES(400,1,'2554324067');
INSERT INTO img(id,str_id,val) VALUES(401,1,'2554323201');
INSERT INTO img(id,str_id,val) VALUES(402,1,'2554322913');
INSERT INTO img(id,str_id,val) VALUES(403,1,'2554322316');
INSERT INTO img(id,str_id,val) VALUES(404,1,'2554322311');
INSERT INTO img(id,str_id,val) VALUES(405,1,'2554322310');
INSERT INTO img(id,str_id,val) VALUES(406,1,'2554322309');
INSERT INTO img(id,str_id,val) VALUES(407,1,'2554322285');
INSERT INTO img(id,str_id,val) VALUES(408,1,'2554321866');
INSERT INTO img(id,str_id,val) VALUES(409,1,'2554321865');
INSERT INTO img(id,str_id,val) VALUES(410,1,'2554321855');
INSERT INTO img(id,str_id,val) VALUES(411,1,'2554321854');
INSERT INTO img(id,str_id,val) VALUES(412,1,'2554321853');
INSERT INTO img(id,str_id,val) VALUES(413,1,'2554321127');
INSERT INTO img(id,str_id,val) VALUES(414,1,'2554320892');
INSERT INTO img(id,str_id,val) VALUES(415,1,'2554320891');
INSERT INTO img(id,str_id,val) VALUES(416,1,'2554320889');
INSERT INTO img(id,str_id,val) VALUES(417,1,'2554320879');
INSERT INTO img(id,str_id,val) VALUES(418,1,'2554320874');
INSERT INTO img(id,str_id,val) VALUES(419,1,'2554320452');
INSERT INTO img(id,str_id,val) VALUES(420,1,'2554320442');
INSERT INTO img(id,str_id,val) VALUES(421,1,'2554320438');
INSERT INTO img(id,str_id,val) VALUES(422,1,'2554320131');
INSERT INTO img(id,str_id,val) VALUES(423,1,'2554320129');
INSERT INTO img(id,str_id,val) VALUES(424,1,'2554319669');
INSERT INTO img(id,str_id,val) VALUES(425,1,'2554319668');
INSERT INTO img(id,str_id,val) VALUES(426,1,'2554319667');
INSERT INTO img(id,str_id,val) VALUES(427,1,'2554319666');
INSERT INTO img(id,str_id,val) VALUES(428,1,'2532416613');
INSERT INTO img(id,str_id,val) VALUES(429,1,'2325226187');
INSERT INTO img(id,str_id,val) VALUES(430,1,'2303923029');
INSERT INTO img(id,str_id,val) VALUES(431,1,'2247239409');
INSERT INTO img(id,str_id,val) VALUES(432,1,'2189400566');
INSERT INTO img(id,str_id,val) VALUES(433,1,'2189400458');
INSERT INTO img(id,str_id,val) VALUES(434,1,'2182555518');
INSERT INTO img(id,str_id,val) VALUES(435,1,'1435901721');
INSERT INTO img(id,str_id,val) VALUES(436,1,'1435901568');
INSERT INTO img(id,str_id,val) VALUES(437,1,'1435900581');
INSERT INTO img(id,str_id,val) VALUES(438,1,'1435900514');
INSERT INTO img(id,str_id,val) VALUES(439,1,'1435900161');
INSERT INTO img(id,str_id,val) VALUES(440,1,'1435899741');
INSERT INTO img(id,str_id,val) VALUES(441,1,'1435899463');
INSERT INTO img(id,str_id,val) VALUES(442,1,'1435894844');
INSERT INTO img(id,str_id,val) VALUES(443,1,'1351874552');
INSERT INTO img(id,str_id,val) VALUES(444,1,'1168020617');
INSERT INTO img(id,str_id,val) VALUES(445,1,'1123671001');
INSERT INTO img(id,str_id,val) VALUES(446,1,'478056915');
INSERT INTO img(id,str_id,val) VALUES(447,1,'2545472803');
INSERT INTO img(id,str_id,val) VALUES(448,1,'2545553064');
INSERT INTO img(id,str_id,val) VALUES(449,1,'2546876262');
INSERT INTO img(id,str_id,val) VALUES(450,1,'2547575075');
INSERT INTO img(id,str_id,val) VALUES(451,1,'2542316954');
INSERT INTO img(id,str_id,val) VALUES(452,1,'2542316943');
INSERT INTO img(id,str_id,val) VALUES(453,1,'2542316946');
INSERT INTO img(id,str_id,val) VALUES(454,1,'2547115834');
INSERT INTO img(id,str_id,val) VALUES(455,1,'2547115835');
INSERT INTO img(id,str_id,val) VALUES(456,1,'2542316941');
INSERT INTO img(id,str_id,val) VALUES(457,1,'2547115830');
INSERT INTO img(id,str_id,val) VALUES(458,1,'2542316947');
INSERT INTO img(id,str_id,val) VALUES(459,1,'2547115829');
INSERT INTO img(id,str_id,val) VALUES(460,1,'2547761230');
INSERT INTO img(id,str_id,val) VALUES(461,1,'2542316944');
INSERT INTO img(id,str_id,val) VALUES(462,1,'2542316952');
INSERT INTO img(id,str_id,val) VALUES(463,1,'2547761224');
INSERT INTO img(id,str_id,val) VALUES(464,1,'2546876222');
INSERT INTO img(id,str_id,val) VALUES(465,1,'2546876215');
INSERT INTO img(id,str_id,val) VALUES(466,1,'2547761236');
INSERT INTO img(id,str_id,val) VALUES(467,1,'2547761231');
INSERT INTO img(id,str_id,val) VALUES(468,1,'2548447525');
INSERT INTO img(id,str_id,val) VALUES(469,1,'2547761222');
INSERT INTO img(id,str_id,val) VALUES(470,1,'2547761209');
INSERT INTO img(id,str_id,val) VALUES(471,1,'2547712073');
INSERT INTO img(id,str_id,val) VALUES(472,1,'2546876224');
INSERT INTO img(id,str_id,val) VALUES(473,1,'2546876221');
INSERT INTO img(id,str_id,val) VALUES(474,1,'2548076368');
INSERT INTO img(id,str_id,val) VALUES(475,1,'2547761239');
INSERT INTO img(id,str_id,val) VALUES(476,1,'2547761234');
INSERT INTO img(id,str_id,val) VALUES(477,1,'2547711965');
INSERT INTO img(id,str_id,val) VALUES(478,1,'2549796462');
INSERT INTO img(id,str_id,val) VALUES(479,1,'2548447546');
INSERT INTO img(id,str_id,val) VALUES(480,1,'2546876270');
INSERT INTO img(id,str_id,val) VALUES(481,1,'2546876229');
INSERT INTO img(id,str_id,val) VALUES(482,1,'2548752099');
INSERT INTO img(id,str_id,val) VALUES(483,1,'2548143120');
INSERT INTO img(id,str_id,val) VALUES(484,1,'2548143060');
INSERT INTO img(id,str_id,val) VALUES(485,1,'2546876212');
INSERT INTO img(id,str_id,val) VALUES(486,1,'2553761398');
INSERT INTO img(id,str_id,val) VALUES(487,1,'2551812534');
INSERT INTO img(id,str_id,val) VALUES(488,1,'2551617496');
INSERT INTO img(id,str_id,val) VALUES(489,1,'2550183931');
INSERT INTO img(id,str_id,val) VALUES(490,1,'2549799414');
INSERT INTO img(id,str_id,val) VALUES(491,1,'2549621346');
INSERT INTO img(id,str_id,val) VALUES(492,1,'2549144101');
INSERT INTO img(id,str_id,val) VALUES(493,1,'2549083618');
INSERT INTO img(id,str_id,val) VALUES(494,1,'2549055595');
INSERT INTO img(id,str_id,val) VALUES(495,1,'2549031009');
INSERT INTO img(id,str_id,val) VALUES(496,1,'2548957685');
INSERT INTO img(id,str_id,val) VALUES(497,1,'2548957668');
INSERT INTO img(id,str_id,val) VALUES(498,1,'2548929863');
INSERT INTO img(id,str_id,val) VALUES(499,1,'2548752149');
INSERT INTO img(id,str_id,val) VALUES(500,1,'2548752077');
INSERT INTO img(id,str_id,val) VALUES(501,1,'2548447568');
INSERT INTO img(id,str_id,val) VALUES(502,1,'2548447502');
INSERT INTO img(id,str_id,val) VALUES(503,1,'2548447471');
INSERT INTO img(id,str_id,val) VALUES(504,1,'2548447436');
INSERT INTO img(id,str_id,val) VALUES(505,1,'2547761211');
INSERT INTO img(id,str_id,val) VALUES(506,1,'2538046303');
INSERT INTO img(id,str_id,val) VALUES(507,1,'2541562063');
INSERT INTO img(id,str_id,val) VALUES(508,1,'2541562054');
INSERT INTO img(id,str_id,val) VALUES(509,1,'2542316953');
INSERT INTO img(id,str_id,val) VALUES(510,1,'2546878599');
INSERT INTO img(id,str_id,val) VALUES(511,1,'2545472801');
INSERT INTO img(id,str_id,val) VALUES(512,1,'2547857469');
INSERT INTO img(id,str_id,val) VALUES(513,1,'2546938182');
INSERT INTO img(id,str_id,val) VALUES(514,1,'2547857471');
INSERT INTO img(id,str_id,val) VALUES(515,1,'2547761097');
INSERT INTO img(id,str_id,val) VALUES(516,1,'2547761096');
INSERT INTO img(id,str_id,val) VALUES(517,1,'2547766430');
INSERT INTO img(id,str_id,val) VALUES(518,1,'2547761106');
INSERT INTO img(id,str_id,val) VALUES(519,1,'2547761088');
INSERT INTO img(id,str_id,val) VALUES(520,1,'2547761081');
INSERT INTO img(id,str_id,val) VALUES(521,1,'2546938183');
INSERT INTO img(id,str_id,val) VALUES(522,1,'2545562914');
CREATE UNIQUE INDEX "img.str_id.val" ON "img" (
	"str_id",
	"val"
);
CREATE TABLE "lang" (
	"id"	INTEGER NOT NULL PRIMARY KEY AUTOINCREMENT,
	"code"	TEXT NOT NULL UNIQUE,
	"val"	TEXT NOT NULL UNIQUE
);
INSERT INTO lang(id,code,val) VALUES(1,'de','Deutsch');
INSERT INTO lang(id,code,val) VALUES(2,'en','English');
INSERT INTO lang(id,code,val) VALUES(3,'es','español');
INSERT INTO lang(id,code,val) VALUES(4,'es_419','español (Latinoamérica)');
INSERT INTO lang(id,code,val) VALUES(5,'fr','français');
INSERT INTO lang(id,code,val) VALUES(6,'hr','hrvatski');
INSERT INTO lang(id,code,val) VALUES(7,'it','italiano');
INSERT INTO lang(id,code,val) VALUES(8,'nl','Nederlands');
INSERT INTO lang(id,code,val) VALUES(9,'pl','polski');
INSERT INTO lang(id,code,val) VALUES(10,'pt_br','português (Brasil)');
INSERT INTO lang(id,code,val) VALUES(11,'pt_pt','português (Portugal)');
INSERT INTO lang(id,code,val) VALUES(12,'vi','Tiếng Việt');
INSERT INTO lang(id,code,val) VALUES(13,'tr','Türkçe');
INSERT INTO lang(id,code,val) VALUES(14,'ru','русский');
INSERT INTO lang(id,code,val) VALUES(15,'ar','العربية');
INSERT INTO lang(id,code,val) VALUES(16,'th','ไทย');
INSERT INTO lang(id,code,val) VALUES(17,'ko','한국어');
INSERT INTO lang(id,code,val) VALUES(18,'zh_cn','中文 (简体)');
INSERT INTO lang(id,code,val) VALUES(19,'zh_tw','中文 (繁體)');
INSERT INTO lang(id,code,val) VALUES(20,'ja','日本語');
INSERT INTO lang(id,code,val) VALUES(21,'ach','Acoli');
INSERT INTO lang(id,code,val) VALUES(22,'af','Afrikaans');
INSERT INTO lang(id,code,val) VALUES(23,'ak','Akan');
INSERT INTO lang(id,code,val) VALUES(24,'ig','Asụsụ Igbo');
INSERT INTO lang(id,code,val) VALUES(25,'az','azərbaycan');
INSERT INTO lang(id,code,val) VALUES(26,'ban','Balinese');
INSERT INTO lang(id,code,val) VALUES(27,'xx_bork','Bork, bork, bork!');
INSERT INTO lang(id,code,val) VALUES(28,'bs','bosanski');
INSERT INTO lang(id,code,val) VALUES(29,'br','brezhoneg');
INSERT INTO lang(id,code,val) VALUES(30,'ca','català');
INSERT INTO lang(id,code,val) VALUES(31,'ceb','Cebuano');
INSERT INTO lang(id,code,val) VALUES(32,'cs','čeština');
INSERT INTO lang(id,code,val) VALUES(33,'sn','chiShona');
INSERT INTO lang(id,code,val) VALUES(34,'co','Corsican');
INSERT INTO lang(id,code,val) VALUES(35,'cy','Cymraeg');
INSERT INTO lang(id,code,val) VALUES(36,'da','dansk');
INSERT INTO lang(id,code,val) VALUES(37,'yo','Èdè Yorùbá');
INSERT INTO lang(id,code,val) VALUES(38,'et','eesti');
INSERT INTO lang(id,code,val) VALUES(39,'xx_elmer','Elmer Fudd');
INSERT INTO lang(id,code,val) VALUES(40,'eo','esperanto');
INSERT INTO lang(id,code,val) VALUES(41,'eu','euskara');
INSERT INTO lang(id,code,val) VALUES(42,'ee','Eʋegbe');
INSERT INTO lang(id,code,val) VALUES(43,'tl','Filipino');
INSERT INTO lang(id,code,val) VALUES(44,'fo','føroyskt');
INSERT INTO lang(id,code,val) VALUES(45,'fy','Frysk');
INSERT INTO lang(id,code,val) VALUES(46,'gaa','Ga');
INSERT INTO lang(id,code,val) VALUES(47,'ga','Gaeilge');
INSERT INTO lang(id,code,val) VALUES(48,'gd','Gàidhlig');
INSERT INTO lang(id,code,val) VALUES(49,'gl','galego');
INSERT INTO lang(id,code,val) VALUES(50,'gn','Guarani');
INSERT INTO lang(id,code,val) VALUES(51,'xx_hacker','Hacker');
INSERT INTO lang(id,code,val) VALUES(52,'ht','Haitian Creole');
INSERT INTO lang(id,code,val) VALUES(53,'ha','Hausa');
INSERT INTO lang(id,code,val) VALUES(54,'haw','ʻŌlelo Hawaiʻi');
INSERT INTO lang(id,code,val) VALUES(55,'bem','Ichibemba');
INSERT INTO lang(id,code,val) VALUES(56,'rn','Ikirundi');
INSERT INTO lang(id,code,val) VALUES(57,'id','Indonesia');
INSERT INTO lang(id,code,val) VALUES(58,'ia','interlingua');
INSERT INTO lang(id,code,val) VALUES(59,'xh','isiXhosa');
INSERT INTO lang(id,code,val) VALUES(60,'zu','isiZulu');
INSERT INTO lang(id,code,val) VALUES(61,'is','íslenska');
INSERT INTO lang(id,code,val) VALUES(62,'jw','Jawa');
INSERT INTO lang(id,code,val) VALUES(63,'rw','Kinyarwanda');
INSERT INTO lang(id,code,val) VALUES(64,'sw','Kiswahili');
INSERT INTO lang(id,code,val) VALUES(65,'tlh','Klingon');
INSERT INTO lang(id,code,val) VALUES(66,'kg','Kongo');
INSERT INTO lang(id,code,val) VALUES(67,'mfe','kreol morisien');
INSERT INTO lang(id,code,val) VALUES(68,'kri','Krio (Sierra Leone)');
INSERT INTO lang(id,code,val) VALUES(69,'la','Latin');
INSERT INTO lang(id,code,val) VALUES(70,'lv','latviešu');
INSERT INTO lang(id,code,val) VALUES(71,'to','lea fakatonga');
INSERT INTO lang(id,code,val) VALUES(72,'lt','lietuvių');
INSERT INTO lang(id,code,val) VALUES(73,'ln','lingála');
INSERT INTO lang(id,code,val) VALUES(74,'loz','Lozi');
INSERT INTO lang(id,code,val) VALUES(75,'lua','Luba-Lulua');
INSERT INTO lang(id,code,val) VALUES(76,'lg','Luganda');
INSERT INTO lang(id,code,val) VALUES(77,'hu','magyar');
INSERT INTO lang(id,code,val) VALUES(78,'mg','Malagasy');
INSERT INTO lang(id,code,val) VALUES(79,'mt','Malti');
INSERT INTO lang(id,code,val) VALUES(80,'mi','Māori');
INSERT INTO lang(id,code,val) VALUES(81,'ms','Melayu');
INSERT INTO lang(id,code,val) VALUES(82,'pcm','Nigerian Pidgin');
INSERT INTO lang(id,code,val) VALUES(83,'no','norsk');
INSERT INTO lang(id,code,val) VALUES(84,'nso','Northern Sotho');
INSERT INTO lang(id,code,val) VALUES(85,'ny','Nyanja');
INSERT INTO lang(id,code,val) VALUES(86,'nn','nynorsk');
INSERT INTO lang(id,code,val) VALUES(87,'uz','o‘zbek');
INSERT INTO lang(id,code,val) VALUES(88,'oc','Occitan');
INSERT INTO lang(id,code,val) VALUES(89,'om','Oromoo');
INSERT INTO lang(id,code,val) VALUES(90,'xx_pirate','Pirate');
INSERT INTO lang(id,code,val) VALUES(91,'ro','română');
INSERT INTO lang(id,code,val) VALUES(92,'rm','rumantsch');
INSERT INTO lang(id,code,val) VALUES(93,'qu','Runasimi');
INSERT INTO lang(id,code,val) VALUES(94,'nyn','Runyankore');
INSERT INTO lang(id,code,val) VALUES(95,'crs','Seychellois Creole');
INSERT INTO lang(id,code,val) VALUES(96,'sq','shqip');
INSERT INTO lang(id,code,val) VALUES(97,'sk','slovenčina');
INSERT INTO lang(id,code,val) VALUES(98,'sl','slovenščina');
INSERT INTO lang(id,code,val) VALUES(99,'so','Soomaali');
INSERT INTO lang(id,code,val) VALUES(100,'st','Southern Sotho');
INSERT INTO lang(id,code,val) VALUES(101,'sr_me','srpski (Crna Gora)');
INSERT INTO lang(id,code,val) VALUES(102,'sr_latn','srpski (latinica)');
INSERT INTO lang(id,code,val) VALUES(103,'su','Sundanese');
INSERT INTO lang(id,code,val) VALUES(104,'fi','suomi');
INSERT INTO lang(id,code,val) VALUES(105,'sv','svenska');
INSERT INTO lang(id,code,val) VALUES(106,'tn','Tswana');
INSERT INTO lang(id,code,val) VALUES(107,'tum','Tumbuka');
INSERT INTO lang(id,code,val) VALUES(108,'tk','türkmen dili');
INSERT INTO lang(id,code,val) VALUES(109,'tw','Twi');
INSERT INTO lang(id,code,val) VALUES(110,'wo','Wolof');
INSERT INTO lang(id,code,val) VALUES(111,'el','Ελληνικά');
INSERT INTO lang(id,code,val) VALUES(112,'be','беларуская');
INSERT INTO lang(id,code,val) VALUES(113,'bg','български');
INSERT INTO lang(id,code,val) VALUES(114,'ky','кыргызча');
INSERT INTO lang(id,code,val) VALUES(115,'kk','қазақ тілі');
INSERT INTO lang(id,code,val) VALUES(116,'mk','македонски');
INSERT INTO lang(id,code,val) VALUES(117,'mn','монгол');
INSERT INTO lang(id,code,val) VALUES(118,'sr','српски');
INSERT INTO lang(id,code,val) VALUES(119,'tt','татар');
INSERT INTO lang(id,code,val) VALUES(120,'tg','тоҷикӣ');
INSERT INTO lang(id,code,val) VALUES(121,'uk','українська');
INSERT INTO lang(id,code,val) VALUES(122,'ka','ქართული');
INSERT INTO lang(id,code,val) VALUES(123,'hy','հայերեն');
INSERT INTO lang(id,code,val) VALUES(124,'yi','ייִדיש');
INSERT INTO lang(id,code,val) VALUES(125,'iw','עברית');
INSERT INTO lang(id,code,val) VALUES(126,'ug','ئۇيغۇرچە');
INSERT INTO lang(id,code,val) VALUES(127,'ur','اردو');
INSERT INTO lang(id,code,val) VALUES(128,'ps','پښتو');
INSERT INTO lang(id,code,val) VALUES(129,'sd','سنڌي');
INSERT INTO lang(id,code,val) VALUES(130,'fa','فارسی');
INSERT INTO lang(id,code,val) VALUES(131,'ckb','کوردیی ناوەندی');
INSERT INTO lang(id,code,val) VALUES(132,'ti','ትግርኛ');
INSERT INTO lang(id,code,val) VALUES(133,'am','አማርኛ');
INSERT INTO lang(id,code,val) VALUES(134,'ne','नेपाली');
INSERT INTO lang(id,code,val) VALUES(135,'mr','मराठी');
INSERT INTO lang(id,code,val) VALUES(136,'hi','हिन्दी');
INSERT INTO lang(id,code,val) VALUES(137,'bn','বাংলা');
INSERT INTO lang(id,code,val) VALUES(138,'pa','ਪੰਜਾਬੀ');
INSERT INTO lang(id,code,val) VALUES(139,'gu','ગુજરાતી');
INSERT INTO lang(id,code,val) VALUES(140,'or','ଓଡ଼ିଆ');
INSERT INTO lang(id,code,val) VALUES(141,'ta','தமிழ்');
INSERT INTO lang(id,code,val) VALUES(142,'te','తెలుగు');
INSERT INTO lang(id,code,val) VALUES(143,'kn','ಕನ್ನಡ');
INSERT INTO lang(id,code,val) VALUES(144,'ml','മലയാളം');
INSERT INTO lang(id,code,val) VALUES(145,'si','සිංහල');
INSERT INTO lang(id,code,val) VALUES(146,'lo','ລາວ');
INSERT INTO lang(id,code,val) VALUES(147,'my','မြန်မာ');
INSERT INTO lang(id,code,val) VALUES(148,'km','ខ្មែរ');
INSERT INTO lang(id,code,val) VALUES(149,'chr','ᏣᎳᎩ');
CREATE TABLE "locale" (
	"id"	INTEGER NOT NULL PRIMARY KEY AUTOINCREMENT,
	"en"	TEXT NOT NULL UNIQUE,
	"cn"	TEXT NOT NULL UNIQUE
);
INSERT INTO locale(id,en,cn) VALUES(1,'cs','捷克斯洛伐克');
INSERT INTO locale(id,en,cn) VALUES(2,'su','苏联');
INSERT INTO locale(id,en,cn) VALUES(3,'yu','南斯拉夫');
INSERT INTO locale(id,en,cn) VALUES(4,'za','南非');
INSERT INTO locale(id,en,cn) VALUES(5,'et','埃塞俄比亚');
INSERT INTO locale(id,en,cn) VALUES(6,'am','亚美尼亚');
INSERT INTO locale(id,en,cn) VALUES(7,'az','阿塞拜疆');
INSERT INTO locale(id,en,cn) VALUES(8,'id','印度尼西亚');
INSERT INTO locale(id,en,cn) VALUES(9,'my','马来西亚');
INSERT INTO locale(id,en,cn) VALUES(10,'bd','孟加拉');
INSERT INTO locale(id,en,cn) VALUES(11,'in','印度');
INSERT INTO locale(id,en,cn) VALUES(12,'es','西班牙');
INSERT INTO locale(id,en,cn) VALUES(13,'cz','捷克');
INSERT INTO locale(id,en,cn) VALUES(14,'dk','丹麦');
INSERT INTO locale(id,en,cn) VALUES(15,'de','德国');
INSERT INTO locale(id,en,cn) VALUES(16,'au','澳大利亚');
INSERT INTO locale(id,en,cn) VALUES(17,'ca','加拿大');
INSERT INTO locale(id,en,cn) VALUES(18,'gh','加纳');
INSERT INTO locale(id,en,cn) VALUES(19,'gb','英国');
INSERT INTO locale(id,en,cn) VALUES(20,'ie','爱尔兰');
INSERT INTO locale(id,en,cn) VALUES(21,'ke','肯尼亚');
INSERT INTO locale(id,en,cn) VALUES(22,'nz','新西兰');
INSERT INTO locale(id,en,cn) VALUES(23,'ng','尼日利亚');
INSERT INTO locale(id,en,cn) VALUES(24,'ph','菲律宾');
INSERT INTO locale(id,en,cn) VALUES(25,'sg','新加坡');
INSERT INTO locale(id,en,cn) VALUES(26,'tz','坦桑尼亚');
INSERT INTO locale(id,en,cn) VALUES(27,'us','美国');
INSERT INTO locale(id,en,cn) VALUES(28,'ar','阿根廷');
INSERT INTO locale(id,en,cn) VALUES(29,'bo','玻利维亚');
INSERT INTO locale(id,en,cn) VALUES(30,'cl','智利');
INSERT INTO locale(id,en,cn) VALUES(31,'co','哥伦比亚');
INSERT INTO locale(id,en,cn) VALUES(32,'cr','哥斯达黎加');
INSERT INTO locale(id,en,cn) VALUES(33,'ec','厄瓜多尔');
INSERT INTO locale(id,en,cn) VALUES(34,'sv','萨尔瓦多');
INSERT INTO locale(id,en,cn) VALUES(35,'gt','危地马拉');
INSERT INTO locale(id,en,cn) VALUES(36,'hn','洪都拉斯');
INSERT INTO locale(id,en,cn) VALUES(37,'mx','墨西哥');
INSERT INTO locale(id,en,cn) VALUES(38,'ni','尼加拉瓜');
INSERT INTO locale(id,en,cn) VALUES(39,'pa','巴拿马');
INSERT INTO locale(id,en,cn) VALUES(40,'py','巴拉圭');
INSERT INTO locale(id,en,cn) VALUES(41,'pe','秘鲁');
INSERT INTO locale(id,en,cn) VALUES(42,'pr','波多黎各');
INSERT INTO locale(id,en,cn) VALUES(43,'do','多米尼加');
INSERT INTO locale(id,en,cn) VALUES(44,'uy','乌拉圭');
INSERT INTO locale(id,en,cn) VALUES(45,'ve','委内瑞拉');
INSERT INTO locale(id,en,cn) VALUES(46,'fr','法国');
INSERT INTO locale(id,en,cn) VALUES(47,'ge','格鲁吉亚');
INSERT INTO locale(id,en,cn) VALUES(48,'hr','克罗地亚');
INSERT INTO locale(id,en,cn) VALUES(49,'is','冰岛');
INSERT INTO locale(id,en,cn) VALUES(50,'it','意大利');
INSERT INTO locale(id,en,cn) VALUES(51,'kh','柬埔寨');
INSERT INTO locale(id,en,cn) VALUES(52,'la','老挝');
INSERT INTO locale(id,en,cn) VALUES(53,'lv','拉脱维亚');
INSERT INTO locale(id,en,cn) VALUES(54,'lt','立陶宛');
INSERT INTO locale(id,en,cn) VALUES(55,'hu','匈牙利');
INSERT INTO locale(id,en,cn) VALUES(56,'nl','荷兰');
INSERT INTO locale(id,en,cn) VALUES(57,'np','尼泊尔');
INSERT INTO locale(id,en,cn) VALUES(58,'no','挪威');
INSERT INTO locale(id,en,cn) VALUES(59,'pl','波兰');
INSERT INTO locale(id,en,cn) VALUES(60,'br','巴西');
INSERT INTO locale(id,en,cn) VALUES(61,'pt','葡萄牙');
INSERT INTO locale(id,en,cn) VALUES(62,'ro','罗马尼亚');
INSERT INTO locale(id,en,cn) VALUES(63,'lk','斯里兰卡');
INSERT INTO locale(id,en,cn) VALUES(64,'sk','斯洛伐克');
INSERT INTO locale(id,en,cn) VALUES(65,'si','斯洛文尼亚');
INSERT INTO locale(id,en,cn) VALUES(66,'fi','芬兰');
INSERT INTO locale(id,en,cn) VALUES(67,'se','瑞典');
INSERT INTO locale(id,en,cn) VALUES(68,'vn','越南');
INSERT INTO locale(id,en,cn) VALUES(69,'tr','土耳其');
INSERT INTO locale(id,en,cn) VALUES(70,'pk','巴基斯坦');
INSERT INTO locale(id,en,cn) VALUES(71,'gr','希腊');
INSERT INTO locale(id,en,cn) VALUES(72,'bg','保加利亚');
INSERT INTO locale(id,en,cn) VALUES(73,'ru','俄罗斯');
INSERT INTO locale(id,en,cn) VALUES(74,'rs','塞尔维亚');
INSERT INTO locale(id,en,cn) VALUES(75,'ua','乌克兰');
INSERT INTO locale(id,en,cn) VALUES(76,'il','以色列');
INSERT INTO locale(id,en,cn) VALUES(77,'jo','约旦');
INSERT INTO locale(id,en,cn) VALUES(78,'ae','阿联酋');
INSERT INTO locale(id,en,cn) VALUES(79,'bh','巴林');
INSERT INTO locale(id,en,cn) VALUES(80,'dz','阿尔及利亚');
INSERT INTO locale(id,en,cn) VALUES(81,'sa','沙特阿拉伯');
INSERT INTO locale(id,en,cn) VALUES(82,'iq','伊拉克');
INSERT INTO locale(id,en,cn) VALUES(83,'kw','科威特');
INSERT INTO locale(id,en,cn) VALUES(84,'ma','摩洛哥');
INSERT INTO locale(id,en,cn) VALUES(85,'tn','突尼斯');
INSERT INTO locale(id,en,cn) VALUES(86,'om','阿曼');
INSERT INTO locale(id,en,cn) VALUES(87,'ps','巴勒斯坦');
INSERT INTO locale(id,en,cn) VALUES(88,'qa','卡塔尔');
INSERT INTO locale(id,en,cn) VALUES(89,'lb','黎巴嫩');
INSERT INTO locale(id,en,cn) VALUES(90,'eg','埃及');
INSERT INTO locale(id,en,cn) VALUES(91,'ir','伊朗');
INSERT INTO locale(id,en,cn) VALUES(92,'th','泰国');
INSERT INTO locale(id,en,cn) VALUES(93,'kr','韩国');
INSERT INTO locale(id,en,cn) VALUES(94,'jp','日本');
INSERT INTO locale(id,en,cn) VALUES(95,'af','阿富汗');
INSERT INTO locale(id,en,cn) VALUES(96,'ax','奥兰群岛');
INSERT INTO locale(id,en,cn) VALUES(97,'al','阿尔巴尼亚');
INSERT INTO locale(id,en,cn) VALUES(98,'as','美属萨摩亚');
INSERT INTO locale(id,en,cn) VALUES(99,'ad','安道尔');
INSERT INTO locale(id,en,cn) VALUES(100,'ao','安哥拉');
INSERT INTO locale(id,en,cn) VALUES(101,'ai','安圭拉');
INSERT INTO locale(id,en,cn) VALUES(102,'aq','南极洲');
INSERT INTO locale(id,en,cn) VALUES(103,'ag','安提瓜和巴布达');
INSERT INTO locale(id,en,cn) VALUES(104,'aw','阿鲁巴');
INSERT INTO locale(id,en,cn) VALUES(105,'at','奥地利');
INSERT INTO locale(id,en,cn) VALUES(106,'bs','巴哈马');
INSERT INTO locale(id,en,cn) VALUES(107,'bb','巴巴多斯');
INSERT INTO locale(id,en,cn) VALUES(108,'by','白俄罗斯');
INSERT INTO locale(id,en,cn) VALUES(109,'be','比利时');
INSERT INTO locale(id,en,cn) VALUES(110,'bz','伯利兹');
INSERT INTO locale(id,en,cn) VALUES(111,'bj','贝宁');
INSERT INTO locale(id,en,cn) VALUES(112,'bm','百慕大');
INSERT INTO locale(id,en,cn) VALUES(113,'bt','不丹');
INSERT INTO locale(id,en,cn) VALUES(114,'ba','波黑');
INSERT INTO locale(id,en,cn) VALUES(115,'bw','博茨瓦纳');
INSERT INTO locale(id,en,cn) VALUES(116,'bv','布维岛');
INSERT INTO locale(id,en,cn) VALUES(117,'io','英属印度洋领地');
INSERT INTO locale(id,en,cn) VALUES(118,'bn','文莱');
INSERT INTO locale(id,en,cn) VALUES(119,'bf','布基纳法索');
INSERT INTO locale(id,en,cn) VALUES(120,'bi','布隆迪');
INSERT INTO locale(id,en,cn) VALUES(121,'cm','喀麦隆');
INSERT INTO locale(id,en,cn) VALUES(122,'cv','佛得角');
INSERT INTO locale(id,en,cn) VALUES(123,'ky','开曼群岛');
INSERT INTO locale(id,en,cn) VALUES(124,'cf','中非');
INSERT INTO locale(id,en,cn) VALUES(125,'td','乍得');
INSERT INTO locale(id,en,cn) VALUES(126,'cn','中国');
INSERT INTO locale(id,en,cn) VALUES(127,'cx','圣诞岛');
INSERT INTO locale(id,en,cn) VALUES(128,'cc','科科斯');
INSERT INTO locale(id,en,cn) VALUES(129,'km','科摩罗');
INSERT INTO locale(id,en,cn) VALUES(130,'cg','刚果布');
INSERT INTO locale(id,en,cn) VALUES(131,'cd','刚果金');
INSERT INTO locale(id,en,cn) VALUES(132,'ck','库克群岛');
INSERT INTO locale(id,en,cn) VALUES(133,'ci','科特迪瓦');
INSERT INTO locale(id,en,cn) VALUES(134,'cu','古巴');
INSERT INTO locale(id,en,cn) VALUES(135,'cy','塞浦路斯');
INSERT INTO locale(id,en,cn) VALUES(136,'dj','吉布提');
INSERT INTO locale(id,en,cn) VALUES(137,'dm','多米尼克');
INSERT INTO locale(id,en,cn) VALUES(138,'gq','赤道几内亚');
INSERT INTO locale(id,en,cn) VALUES(139,'er','厄立特里亚');
INSERT INTO locale(id,en,cn) VALUES(140,'ee','爱沙尼亚');
INSERT INTO locale(id,en,cn) VALUES(141,'fk','福克兰群岛');
INSERT INTO locale(id,en,cn) VALUES(142,'fo','法罗群岛');
INSERT INTO locale(id,en,cn) VALUES(143,'fj','斐济');
INSERT INTO locale(id,en,cn) VALUES(144,'gf','法属圭亚那');
INSERT INTO locale(id,en,cn) VALUES(145,'pf','法属波利尼西亚');
INSERT INTO locale(id,en,cn) VALUES(146,'tf','法属南部领地');
INSERT INTO locale(id,en,cn) VALUES(147,'ga','加蓬');
INSERT INTO locale(id,en,cn) VALUES(148,'gm','冈比亚');
INSERT INTO locale(id,en,cn) VALUES(149,'gi','直布罗陀');
INSERT INTO locale(id,en,cn) VALUES(150,'gl','格陵兰');
INSERT INTO locale(id,en,cn) VALUES(151,'gd','格林纳达');
INSERT INTO locale(id,en,cn) VALUES(152,'gp','瓜德罗普');
INSERT INTO locale(id,en,cn) VALUES(153,'gu','关岛');
INSERT INTO locale(id,en,cn) VALUES(154,'gg','格恩西岛');
INSERT INTO locale(id,en,cn) VALUES(155,'gn','几内亚');
INSERT INTO locale(id,en,cn) VALUES(156,'gw','几内亚比绍');
INSERT INTO locale(id,en,cn) VALUES(157,'gy','圭亚那');
INSERT INTO locale(id,en,cn) VALUES(158,'ht','海地');
INSERT INTO locale(id,en,cn) VALUES(159,'hm','赫德岛和麦克唐纳岛');
INSERT INTO locale(id,en,cn) VALUES(160,'va','梵蒂冈');
INSERT INTO locale(id,en,cn) VALUES(161,'hk','香港');
INSERT INTO locale(id,en,cn) VALUES(162,'im','英国属地曼岛');
INSERT INTO locale(id,en,cn) VALUES(163,'jm','牙买加');
INSERT INTO locale(id,en,cn) VALUES(164,'je','泽西岛');
INSERT INTO locale(id,en,cn) VALUES(165,'kz','哈萨克斯坦');
INSERT INTO locale(id,en,cn) VALUES(166,'ki','基里巴斯');
INSERT INTO locale(id,en,cn) VALUES(167,'kp','朝鲜');
INSERT INTO locale(id,en,cn) VALUES(168,'kg','吉尔吉斯斯坦');
INSERT INTO locale(id,en,cn) VALUES(169,'ls','莱索托');
INSERT INTO locale(id,en,cn) VALUES(170,'lr','利比里亚');
INSERT INTO locale(id,en,cn) VALUES(171,'ly','利比亚');
INSERT INTO locale(id,en,cn) VALUES(172,'li','列支敦士登');
INSERT INTO locale(id,en,cn) VALUES(173,'lu','卢森堡');
INSERT INTO locale(id,en,cn) VALUES(174,'mo','澳门');
INSERT INTO locale(id,en,cn) VALUES(175,'mk','马其顿');
INSERT INTO locale(id,en,cn) VALUES(176,'mg','马达加斯加');
INSERT INTO locale(id,en,cn) VALUES(177,'mw','马拉维');
INSERT INTO locale(id,en,cn) VALUES(178,'mv','马尔代夫');
INSERT INTO locale(id,en,cn) VALUES(179,'ml','马里');
INSERT INTO locale(id,en,cn) VALUES(180,'mt','马耳他');
INSERT INTO locale(id,en,cn) VALUES(181,'mh','马绍尔群岛');
INSERT INTO locale(id,en,cn) VALUES(182,'mq','马提尼克');
INSERT INTO locale(id,en,cn) VALUES(183,'mr','毛利塔尼亚');
INSERT INTO locale(id,en,cn) VALUES(184,'mu','毛里求斯');
INSERT INTO locale(id,en,cn) VALUES(185,'yt','马约特');
INSERT INTO locale(id,en,cn) VALUES(186,'fm','密克罗尼西亚联邦');
INSERT INTO locale(id,en,cn) VALUES(187,'md','摩尔多瓦');
INSERT INTO locale(id,en,cn) VALUES(188,'mc','摩纳哥');
INSERT INTO locale(id,en,cn) VALUES(189,'mn','蒙古');
INSERT INTO locale(id,en,cn) VALUES(190,'me','黑山');
INSERT INTO locale(id,en,cn) VALUES(191,'ms','蒙特塞拉特');
INSERT INTO locale(id,en,cn) VALUES(192,'mz','莫桑比克');
INSERT INTO locale(id,en,cn) VALUES(193,'mm','缅甸');
INSERT INTO locale(id,en,cn) VALUES(194,'na','纳米比亚');
INSERT INTO locale(id,en,cn) VALUES(195,'nr','瑙鲁');
INSERT INTO locale(id,en,cn) VALUES(196,'an','荷属安的列斯');
INSERT INTO locale(id,en,cn) VALUES(197,'nc','新喀里多尼亚');
INSERT INTO locale(id,en,cn) VALUES(198,'ne','尼日尔');
INSERT INTO locale(id,en,cn) VALUES(199,'nu','纽埃');
INSERT INTO locale(id,en,cn) VALUES(200,'nf','诺福克岛');
INSERT INTO locale(id,en,cn) VALUES(201,'mp','北马里亚纳');
INSERT INTO locale(id,en,cn) VALUES(202,'pw','帕劳');
INSERT INTO locale(id,en,cn) VALUES(203,'pg','巴布亚新几内亚');
INSERT INTO locale(id,en,cn) VALUES(204,'pn','皮特凯恩');
INSERT INTO locale(id,en,cn) VALUES(205,'re','留尼汪');
INSERT INTO locale(id,en,cn) VALUES(206,'rw','卢旺达');
INSERT INTO locale(id,en,cn) VALUES(207,'sh','圣赫勒拿');
INSERT INTO locale(id,en,cn) VALUES(208,'kn','圣基茨和尼维斯');
INSERT INTO locale(id,en,cn) VALUES(209,'lc','圣卢西亚');
INSERT INTO locale(id,en,cn) VALUES(210,'pm','圣皮埃尔和密克隆');
INSERT INTO locale(id,en,cn) VALUES(211,'vc','圣文森特和格林纳丁斯');
INSERT INTO locale(id,en,cn) VALUES(212,'ws','萨摩亚');
INSERT INTO locale(id,en,cn) VALUES(213,'sm','圣马力诺');
INSERT INTO locale(id,en,cn) VALUES(214,'st','圣多美和普林西比');
INSERT INTO locale(id,en,cn) VALUES(215,'sn','塞内加尔');
INSERT INTO locale(id,en,cn) VALUES(216,'sc','塞舌尔');
INSERT INTO locale(id,en,cn) VALUES(217,'sl','塞拉利昂');
INSERT INTO locale(id,en,cn) VALUES(218,'sb','所罗门群岛');
INSERT INTO locale(id,en,cn) VALUES(219,'so','索马里');
INSERT INTO locale(id,en,cn) VALUES(220,'gs','南乔治亚岛和南桑德韦奇岛');
INSERT INTO locale(id,en,cn) VALUES(221,'sd','苏丹');
INSERT INTO locale(id,en,cn) VALUES(222,'sr','苏里南');
INSERT INTO locale(id,en,cn) VALUES(223,'sj','斯瓦尔巴岛和扬马延岛');
INSERT INTO locale(id,en,cn) VALUES(224,'sz','斯威士兰');
INSERT INTO locale(id,en,cn) VALUES(225,'ch','瑞士');
INSERT INTO locale(id,en,cn) VALUES(226,'sy','叙利亚');
INSERT INTO locale(id,en,cn) VALUES(227,'tw','台湾');
INSERT INTO locale(id,en,cn) VALUES(228,'tj','塔吉克斯坦');
INSERT INTO locale(id,en,cn) VALUES(229,'tl','东帝汶');
INSERT INTO locale(id,en,cn) VALUES(230,'tg','多哥');
INSERT INTO locale(id,en,cn) VALUES(231,'tk','托克劳');
INSERT INTO locale(id,en,cn) VALUES(232,'to','汤加');
INSERT INTO locale(id,en,cn) VALUES(233,'tt','特立尼达和多巴哥');
INSERT INTO locale(id,en,cn) VALUES(234,'tm','土库曼斯坦');
INSERT INTO locale(id,en,cn) VALUES(235,'tc','特克斯和凯科斯群岛');
INSERT INTO locale(id,en,cn) VALUES(236,'tv','图瓦卢');
INSERT INTO locale(id,en,cn) VALUES(237,'ug','乌干达');
INSERT INTO locale(id,en,cn) VALUES(238,'um','美国本土外小岛屿');
INSERT INTO locale(id,en,cn) VALUES(239,'uz','乌兹别克斯坦');
INSERT INTO locale(id,en,cn) VALUES(240,'vu','瓦努阿图');
INSERT INTO locale(id,en,cn) VALUES(241,'vg','英属维尔京群岛');
INSERT INTO locale(id,en,cn) VALUES(242,'vi','美属维尔京群岛');
INSERT INTO locale(id,en,cn) VALUES(243,'wf','瓦利斯和富图纳');
INSERT INTO locale(id,en,cn) VALUES(244,'eh','西撒哈拉');
INSERT INTO locale(id,en,cn) VALUES(245,'ye','也门');
INSERT INTO locale(id,en,cn) VALUES(246,'zm','赞比亚');
INSERT INTO locale(id,en,cn) VALUES(247,'zw','津巴布韦');
CREATE TABLE "person_douban_id" (
	"id"	INTEGER NOT NULL PRIMARY KEY AUTOINCREMENT,
	"val"	INTEGER NOT NULL UNIQUE
);
INSERT INTO person_douban_id(id,val) VALUES(1,1349765);
INSERT INTO person_douban_id(id,val) VALUES(2,1274297);
INSERT INTO person_douban_id(id,val) VALUES(3,1313837);
INSERT INTO person_douban_id(id,val) VALUES(4,1276085);
INSERT INTO person_douban_id(id,val) VALUES(5,1312976);
INSERT INTO person_douban_id(id,val) VALUES(6,1031876);
INSERT INTO person_douban_id(id,val) VALUES(7,1025182);
INSERT INTO person_douban_id(id,val) VALUES(8,1054454);
INSERT INTO person_douban_id(id,val) VALUES(9,1010507);
INSERT INTO person_douban_id(id,val) VALUES(10,1019050);
INSERT INTO person_douban_id(id,val) VALUES(31,1047973);
INSERT INTO person_douban_id(id,val) VALUES(32,1054521);
INSERT INTO person_douban_id(id,val) VALUES(33,1054534);
INSERT INTO person_douban_id(id,val) VALUES(34,1041179);
INSERT INTO person_douban_id(id,val) VALUES(35,1000095);
INSERT INTO person_douban_id(id,val) VALUES(36,1276086);
INSERT INTO person_douban_id(id,val) VALUES(37,1359081);
INSERT INTO person_douban_id(id,val) VALUES(38,1000525);
INSERT INTO person_douban_id(id,val) VALUES(39,1275178);
INSERT INTO person_douban_id(id,val) VALUES(40,1016771);
CREATE TABLE "person_name" (
	"id"	INTEGER NOT NULL PRIMARY KEY AUTOINCREMENT,
	"name_id"	INTEGER NOT NULL,
	"lang_id"	INTEGER NOT NULL,
	"person_id"	INTEGER NOT NULL
);
INSERT INTO person_name(id,name_id,lang_id,person_id) VALUES(1,1,2,1);
INSERT INTO person_name(id,name_id,lang_id,person_id) VALUES(2,2,18,1);
INSERT INTO person_name(id,name_id,lang_id,person_id) VALUES(3,3,2,2);
INSERT INTO person_name(id,name_id,lang_id,person_id) VALUES(4,4,18,2);
INSERT INTO person_name(id,name_id,lang_id,person_id) VALUES(5,5,2,3);
INSERT INTO person_name(id,name_id,lang_id,person_id) VALUES(6,6,18,3);
INSERT INTO person_name(id,name_id,lang_id,person_id) VALUES(7,7,2,4);
INSERT INTO person_name(id,name_id,lang_id,person_id) VALUES(8,8,18,4);
INSERT INTO person_name(id,name_id,lang_id,person_id) VALUES(9,9,2,5);
INSERT INTO person_name(id,name_id,lang_id,person_id) VALUES(10,10,18,5);
INSERT INTO person_name(id,name_id,lang_id,person_id) VALUES(11,11,2,6);
INSERT INTO person_name(id,name_id,lang_id,person_id) VALUES(12,12,18,6);
INSERT INTO person_name(id,name_id,lang_id,person_id) VALUES(13,13,2,7);
INSERT INTO person_name(id,name_id,lang_id,person_id) VALUES(14,14,18,7);
INSERT INTO person_name(id,name_id,lang_id,person_id) VALUES(15,15,2,8);
INSERT INTO person_name(id,name_id,lang_id,person_id) VALUES(16,16,18,8);
INSERT INTO person_name(id,name_id,lang_id,person_id) VALUES(17,17,2,9);
INSERT INTO person_name(id,name_id,lang_id,person_id) VALUES(18,18,18,9);
INSERT INTO person_name(id,name_id,lang_id,person_id) VALUES(19,19,2,10);
INSERT INTO person_name(id,name_id,lang_id,person_id) VALUES(20,20,18,10);
INSERT INTO person_name(id,name_id,lang_id,person_id) VALUES(61,61,2,31);
INSERT INTO person_name(id,name_id,lang_id,person_id) VALUES(62,62,18,31);
INSERT INTO person_name(id,name_id,lang_id,person_id) VALUES(63,63,2,32);
INSERT INTO person_name(id,name_id,lang_id,person_id) VALUES(64,64,18,32);
INSERT INTO person_name(id,name_id,lang_id,person_id) VALUES(65,65,2,33);
INSERT INTO person_name(id,name_id,lang_id,person_id) VALUES(66,66,18,33);
INSERT INTO person_name(id,name_id,lang_id,person_id) VALUES(67,67,2,34);
INSERT INTO person_name(id,name_id,lang_id,person_id) VALUES(68,68,18,34);
INSERT INTO person_name(id,name_id,lang_id,person_id) VALUES(69,69,2,35);
INSERT INTO person_name(id,name_id,lang_id,person_id) VALUES(70,70,18,35);
INSERT INTO person_name(id,name_id,lang_id,person_id) VALUES(71,71,2,36);
INSERT INTO person_name(id,name_id,lang_id,person_id) VALUES(72,72,18,36);
INSERT INTO person_name(id,name_id,lang_id,person_id) VALUES(73,73,2,37);
INSERT INTO person_name(id,name_id,lang_id,person_id) VALUES(74,74,18,37);
INSERT INTO person_name(id,name_id,lang_id,person_id) VALUES(75,75,2,38);
INSERT INTO person_name(id,name_id,lang_id,person_id) VALUES(76,76,18,38);
INSERT INTO person_name(id,name_id,lang_id,person_id) VALUES(77,77,2,39);
INSERT INTO person_name(id,name_id,lang_id,person_id) VALUES(78,78,18,39);
INSERT INTO person_name(id,name_id,lang_id,person_id) VALUES(79,79,2,40);
INSERT INTO person_name(id,name_id,lang_id,person_id) VALUES(80,80,18,40);
CREATE UNIQUE INDEX "person_name.person_id.lang_id" ON "person_name" (
	"person_id",
	"lang_id"
);
CREATE TABLE "site_douban" (
	"id"	INTEGER NOT NULL,
	"douban_id"	INTEGER NOT NULL UNIQUE,
	"update_time"	INTEGER NOT NULL,
	PRIMARY KEY("id")
);
INSERT INTO site_douban(id,douban_id,update_time) VALUES(1,26752088,1557990006);
INSERT INTO site_douban(id,douban_id,update_time) VALUES(2,1295644,1557990286);
INSERT INTO site_douban(id,douban_id,update_time) VALUES(3,1292052,1557991122);
INSERT INTO site_douban(id,douban_id,update_time) VALUES(4,26266893,1557991505);
CREATE TABLE "site_douban_video" (
	"id"	INTEGER NOT NULL PRIMARY KEY AUTOINCREMENT,
	"video_id"	INTEGER NOT NULL,
	"rate1"	INTEGER NOT NULL,
	"rate2"	INTEGER NOT NULL,
	"rate3"	INTEGER NOT NULL,
	"rate4"	INTEGER NOT NULL,
	"rate5"	INTEGER NOT NULL,
	"review"	INTEGER NOT NULL,
	"comment"	INTEGER NOT NULL,
	"wish"	INTEGER NOT NULL,
	"collect"	INTEGER NOT NULL,
	"time"	INTEGER NOT NULL DEFAULT (strftime('%s','now'))
);
INSERT INTO site_douban_video(id,video_id,rate1,rate2,rate3,rate4,rate5,review,comment,wish,collect,time) VALUES(1,1,406,913,12504,62491,102987,16020,350373,849682,3238866,1557990006);
INSERT INTO site_douban_video(id,video_id,rate1,rate2,rate3,rate4,rate5,review,comment,wish,collect,time) VALUES(2,2,1024,1966,33200,229127,759766,4487,231818,162573,1893168,1557990286);
INSERT INTO site_douban_video(id,video_id,rate1,rate2,rate3,rate4,rate5,review,comment,wish,collect,time) VALUES(3,3,1205,1031,16706,151108,913845,7756,274617,179207,1823307,1557991122);
INSERT INTO site_douban_video(id,video_id,rate1,rate2,rate3,rate4,rate5,review,comment,wish,collect,time) VALUES(4,4,4140,7721,36313,63957,57895,21026,509179,501734,1696953,1557991505);
CREATE TABLE sqlite_sequence(name,seq);
INSERT INTO sqlite_sequence(rowid,name,seq) VALUES(1,'lang',149);
INSERT INTO sqlite_sequence(rowid,name,seq) VALUES(2,'locale',247);
INSERT INTO sqlite_sequence(rowid,name,seq) VALUES(3,'video_title',51);
INSERT INTO sqlite_sequence(rowid,name,seq) VALUES(4,'person_douban_id',40);
INSERT INTO sqlite_sequence(rowid,name,seq) VALUES(5,'fullname',80);
INSERT INTO sqlite_sequence(rowid,name,seq) VALUES(6,'person_name',80);
INSERT INTO sqlite_sequence(rowid,name,seq) VALUES(7,'video_director',8);
INSERT INTO sqlite_sequence(rowid,name,seq) VALUES(8,'video_star',32);
INSERT INTO sqlite_sequence(rowid,name,seq) VALUES(9,'video_title_locale',43);
INSERT INTO sqlite_sequence(rowid,name,seq) VALUES(10,'video_locale',8);
INSERT INTO sqlite_sequence(rowid,name,seq) VALUES(11,'site_douban_video',4);
INSERT INTO sqlite_sequence(rowid,name,seq) VALUES(12,'video_day',8);
INSERT INTO sqlite_sequence(rowid,name,seq) VALUES(13,'genre',19);
INSERT INTO sqlite_sequence(rowid,name,seq) VALUES(14,'video_genre',19);
INSERT INTO sqlite_sequence(rowid,name,seq) VALUES(15,'tag',72);
INSERT INTO sqlite_sequence(rowid,name,seq) VALUES(16,'video_tag',72);
INSERT INTO sqlite_sequence(rowid,name,seq) VALUES(17,'video_txt',8);
INSERT INTO sqlite_sequence(rowid,name,seq) VALUES(18,'str',3);
INSERT INTO sqlite_sequence(rowid,name,seq) VALUES(19,'img',522);
INSERT INTO sqlite_sequence(rowid,name,seq) VALUES(20,'video_poster',522);
INSERT INTO sqlite_sequence(rowid,name,seq) VALUES(21,'video_poster_locale',3);
CREATE TABLE "str" (
	"id"	INTEGER NOT NULL PRIMARY KEY AUTOINCREMENT,
	"val"	TEXT NOT NULL UNIQUE
);
INSERT INTO str(id,val) VALUES(1,'https://img1.doubanio.com/view/photo/raw/public/p${0}.jpg');
CREATE TABLE "tag" (
	"id"	INTEGER NOT NULL PRIMARY KEY AUTOINCREMENT,
	"val"	INTEGER NOT NULL UNIQUE
);
INSERT INTO tag(id,val) VALUES(1,'人性');
INSERT INTO tag(id,val) VALUES(2,'社会');
INSERT INTO tag(id,val) VALUES(3,'真实事件改编');
INSERT INTO tag(id,val) VALUES(4,'生命');
INSERT INTO tag(id,val) VALUES(5,'中国大陆');
INSERT INTO tag(id,val) VALUES(6,'剧情');
INSERT INTO tag(id,val) VALUES(7,'黑色幽默');
INSERT INTO tag(id,val) VALUES(8,'药');
INSERT INTO tag(id,val) VALUES(9,'生活');
INSERT INTO tag(id,val) VALUES(10,'经典');
INSERT INTO tag(id,val) VALUES(11,'温情');
INSERT INTO tag(id,val) VALUES(12,'爱情');
INSERT INTO tag(id,val) VALUES(15,'犯罪');
INSERT INTO tag(id,val) VALUES(16,'成长');
INSERT INTO tag(id,val) VALUES(17,'动作');
INSERT INTO tag(id,val) VALUES(18,'感人');
INSERT INTO tag(id,val) VALUES(56,'励志');
INSERT INTO tag(id,val) VALUES(57,'信念');
INSERT INTO tag(id,val) VALUES(58,'自由');
INSERT INTO tag(id,val) VALUES(60,'美国');
INSERT INTO tag(id,val) VALUES(61,'人生');
INSERT INTO tag(id,val) VALUES(63,'希望');
INSERT INTO tag(id,val) VALUES(64,'科幻');
INSERT INTO tag(id,val) VALUES(66,'太空');
INSERT INTO tag(id,val) VALUES(67,'灾难');
INSERT INTO tag(id,val) VALUES(68,'小说改编');
INSERT INTO tag(id,val) VALUES(70,'行星发动机');
INSERT INTO tag(id,val) VALUES(71,'冒险');
INSERT INTO tag(id,val) VALUES(72,'奇幻');
CREATE TABLE "video" (
	"id"	INTEGER NOT NULL,
	"title_id"	INTEGER NOT NULL,
	"kind"	INTEGER NOT NULL,
	"duration"	INTEGER NOT NULL DEFAULT 0,
	PRIMARY KEY("id")
);
INSERT INTO video(id,title_id,kind,duration) VALUES(1,1,2,117);
INSERT INTO video(id,title_id,kind,duration) VALUES(2,8,2,110);
INSERT INTO video(id,title_id,kind,duration) VALUES(3,43,2,142);
INSERT INTO video(id,title_id,kind,duration) VALUES(4,50,2,125);
CREATE TABLE "video_day" (
	"id"	INTEGER NOT NULL PRIMARY KEY AUTOINCREMENT,
	"video_id"	INTEGER NOT NULL,
	"day"	INTEGER NOT NULL,
	"locale_id"	INTEGER NOT NULL
);
INSERT INTO video_day(id,video_id,day,locale_id) VALUES(1,1,17717,126);
INSERT INTO video_day(id,video_id,day,locale_id) VALUES(2,2,9022,46);
INSERT INTO video_day(id,video_id,day,locale_id) VALUES(7,3,9052,27);
INSERT INTO video_day(id,video_id,day,locale_id) VALUES(8,4,17932,126);
CREATE UNIQUE INDEX "video_day.video_id.locale_id" ON "video_day" (
	"video_id",
	"locale_id"
);
CREATE TABLE "video_director" (
	"id"	INTEGER NOT NULL PRIMARY KEY AUTOINCREMENT,
	"video_id"	INTEGER NOT NULL,
	"person_id"	INTEGER NOT NULL
);
INSERT INTO video_director(id,video_id,person_id) VALUES(1,1,1);
INSERT INTO video_director(id,video_id,person_id) VALUES(2,2,6);
INSERT INTO video_director(id,video_id,person_id) VALUES(7,3,31);
INSERT INTO video_director(id,video_id,person_id) VALUES(8,4,36);
CREATE UNIQUE INDEX "video_director.video_id.director_id" ON "video_director" (
	"video_id",
	"person_id"
);
CREATE TABLE "video_genre" (
	"id"	INTEGER NOT NULL PRIMARY KEY AUTOINCREMENT,
	"video_id"	INTEGER NOT NULL,
	"genre_id"	INTEGER NOT NULL
);
INSERT INTO video_genre(id,video_id,genre_id) VALUES(1,1,1);
INSERT INTO video_genre(id,video_id,genre_id) VALUES(2,1,2);
INSERT INTO video_genre(id,video_id,genre_id) VALUES(3,2,1);
INSERT INTO video_genre(id,video_id,genre_id) VALUES(4,2,4);
INSERT INTO video_genre(id,video_id,genre_id) VALUES(5,2,5);
INSERT INTO video_genre(id,video_id,genre_id) VALUES(16,3,5);
INSERT INTO video_genre(id,video_id,genre_id) VALUES(17,3,1);
INSERT INTO video_genre(id,video_id,genre_id) VALUES(18,4,18);
INSERT INTO video_genre(id,video_id,genre_id) VALUES(19,4,19);
CREATE UNIQUE INDEX "video_genre.video_id.genre_id" ON "video_genre" (
	"video_id",
	"genre_id"
);
CREATE INDEX "video_genre.genre_id" ON "video_genre" (
	"genre_id"
);
CREATE TABLE "video_locale" (
	"id"	INTEGER NOT NULL PRIMARY KEY AUTOINCREMENT,
	"locale_id"	INTEGER NOT NULL,
	"video_id"	INTEGER NOT NULL
);
INSERT INTO video_locale(id,locale_id,video_id) VALUES(1,126,1);
INSERT INTO video_locale(id,locale_id,video_id) VALUES(2,46,2);
INSERT INTO video_locale(id,locale_id,video_id) VALUES(7,27,3);
INSERT INTO video_locale(id,locale_id,video_id) VALUES(8,126,4);
CREATE UNIQUE INDEX "video_locale.video_id.locale_id" ON "video_locale" (
	"video_id",
	"locale_id"
);
CREATE TABLE "video_poster" (
	"id"	INTEGER NOT NULL PRIMARY KEY AUTOINCREMENT,
	"video_id"	INTEGER NOT NULL,
	"img_id"	INTEGER NOT NULL
);
INSERT INTO video_poster(id,video_id,img_id) VALUES(1,1,1);
INSERT INTO video_poster(id,video_id,img_id) VALUES(2,1,2);
INSERT INTO video_poster(id,video_id,img_id) VALUES(3,1,3);
INSERT INTO video_poster(id,video_id,img_id) VALUES(4,1,4);
INSERT INTO video_poster(id,video_id,img_id) VALUES(5,1,5);
INSERT INTO video_poster(id,video_id,img_id) VALUES(6,1,6);
INSERT INTO video_poster(id,video_id,img_id) VALUES(7,1,7);
INSERT INTO video_poster(id,video_id,img_id) VALUES(8,1,8);
INSERT INTO video_poster(id,video_id,img_id) VALUES(9,1,9);
INSERT INTO video_poster(id,video_id,img_id) VALUES(10,1,10);
INSERT INTO video_poster(id,video_id,img_id) VALUES(11,1,11);
INSERT INTO video_poster(id,video_id,img_id) VALUES(12,1,12);
INSERT INTO video_poster(id,video_id,img_id) VALUES(13,1,13);
INSERT INTO video_poster(id,video_id,img_id) VALUES(14,1,14);
INSERT INTO video_poster(id,video_id,img_id) VALUES(15,1,15);
INSERT INTO video_poster(id,video_id,img_id) VALUES(16,1,16);
INSERT INTO video_poster(id,video_id,img_id) VALUES(17,1,17);
INSERT INTO video_poster(id,video_id,img_id) VALUES(18,1,18);
INSERT INTO video_poster(id,video_id,img_id) VALUES(19,1,19);
INSERT INTO video_poster(id,video_id,img_id) VALUES(20,1,20);
INSERT INTO video_poster(id,video_id,img_id) VALUES(21,1,21);
INSERT INTO video_poster(id,video_id,img_id) VALUES(22,1,22);
INSERT INTO video_poster(id,video_id,img_id) VALUES(23,1,23);
INSERT INTO video_poster(id,video_id,img_id) VALUES(24,1,24);
INSERT INTO video_poster(id,video_id,img_id) VALUES(25,1,25);
INSERT INTO video_poster(id,video_id,img_id) VALUES(26,1,26);
INSERT INTO video_poster(id,video_id,img_id) VALUES(27,1,27);
INSERT INTO video_poster(id,video_id,img_id) VALUES(28,1,28);
INSERT INTO video_poster(id,video_id,img_id) VALUES(29,1,29);
INSERT INTO video_poster(id,video_id,img_id) VALUES(30,1,30);
INSERT INTO video_poster(id,video_id,img_id) VALUES(31,1,31);
INSERT INTO video_poster(id,video_id,img_id) VALUES(32,1,32);
INSERT INTO video_poster(id,video_id,img_id) VALUES(33,1,33);
INSERT INTO video_poster(id,video_id,img_id) VALUES(34,1,34);
INSERT INTO video_poster(id,video_id,img_id) VALUES(35,1,35);
INSERT INTO video_poster(id,video_id,img_id) VALUES(36,1,36);
INSERT INTO video_poster(id,video_id,img_id) VALUES(37,1,37);
INSERT INTO video_poster(id,video_id,img_id) VALUES(38,1,38);
INSERT INTO video_poster(id,video_id,img_id) VALUES(39,1,39);
INSERT INTO video_poster(id,video_id,img_id) VALUES(40,1,40);
INSERT INTO video_poster(id,video_id,img_id) VALUES(41,1,41);
INSERT INTO video_poster(id,video_id,img_id) VALUES(42,1,42);
INSERT INTO video_poster(id,video_id,img_id) VALUES(43,1,43);
INSERT INTO video_poster(id,video_id,img_id) VALUES(44,1,44);
INSERT INTO video_poster(id,video_id,img_id) VALUES(45,1,45);
INSERT INTO video_poster(id,video_id,img_id) VALUES(46,1,46);
INSERT INTO video_poster(id,video_id,img_id) VALUES(47,1,47);
INSERT INTO video_poster(id,video_id,img_id) VALUES(48,1,48);
INSERT INTO video_poster(id,video_id,img_id) VALUES(49,1,49);
INSERT INTO video_poster(id,video_id,img_id) VALUES(50,1,50);
INSERT INTO video_poster(id,video_id,img_id) VALUES(51,1,51);
INSERT INTO video_poster(id,video_id,img_id) VALUES(52,1,52);
INSERT INTO video_poster(id,video_id,img_id) VALUES(53,1,53);
INSERT INTO video_poster(id,video_id,img_id) VALUES(54,1,54);
INSERT INTO video_poster(id,video_id,img_id) VALUES(55,1,55);
INSERT INTO video_poster(id,video_id,img_id) VALUES(56,1,56);
INSERT INTO video_poster(id,video_id,img_id) VALUES(57,1,57);
INSERT INTO video_poster(id,video_id,img_id) VALUES(58,1,58);
INSERT INTO video_poster(id,video_id,img_id) VALUES(59,1,59);
INSERT INTO video_poster(id,video_id,img_id) VALUES(60,1,60);
INSERT INTO video_poster(id,video_id,img_id) VALUES(61,1,61);
INSERT INTO video_poster(id,video_id,img_id) VALUES(62,1,62);
INSERT INTO video_poster(id,video_id,img_id) VALUES(63,1,63);
INSERT INTO video_poster(id,video_id,img_id) VALUES(64,1,64);
INSERT INTO video_poster(id,video_id,img_id) VALUES(65,1,65);
INSERT INTO video_poster(id,video_id,img_id) VALUES(66,1,66);
INSERT INTO video_poster(id,video_id,img_id) VALUES(67,1,67);
INSERT INTO video_poster(id,video_id,img_id) VALUES(68,1,68);
INSERT INTO video_poster(id,video_id,img_id) VALUES(69,1,69);
INSERT INTO video_poster(id,video_id,img_id) VALUES(70,1,70);
INSERT INTO video_poster(id,video_id,img_id) VALUES(71,1,71);
INSERT INTO video_poster(id,video_id,img_id) VALUES(72,1,72);
INSERT INTO video_poster(id,video_id,img_id) VALUES(73,1,73);
INSERT INTO video_poster(id,video_id,img_id) VALUES(74,1,74);
INSERT INTO video_poster(id,video_id,img_id) VALUES(75,1,75);
INSERT INTO video_poster(id,video_id,img_id) VALUES(76,1,76);
INSERT INTO video_poster(id,video_id,img_id) VALUES(77,1,77);
INSERT INTO video_poster(id,video_id,img_id) VALUES(78,1,78);
INSERT INTO video_poster(id,video_id,img_id) VALUES(79,1,79);
INSERT INTO video_poster(id,video_id,img_id) VALUES(80,2,80);
INSERT INTO video_poster(id,video_id,img_id) VALUES(81,2,81);
INSERT INTO video_poster(id,video_id,img_id) VALUES(82,2,82);
INSERT INTO video_poster(id,video_id,img_id) VALUES(83,2,83);
INSERT INTO video_poster(id,video_id,img_id) VALUES(84,2,84);
INSERT INTO video_poster(id,video_id,img_id) VALUES(85,2,85);
INSERT INTO video_poster(id,video_id,img_id) VALUES(86,2,86);
INSERT INTO video_poster(id,video_id,img_id) VALUES(87,2,87);
INSERT INTO video_poster(id,video_id,img_id) VALUES(88,2,88);
INSERT INTO video_poster(id,video_id,img_id) VALUES(89,2,89);
INSERT INTO video_poster(id,video_id,img_id) VALUES(90,2,90);
INSERT INTO video_poster(id,video_id,img_id) VALUES(91,2,91);
INSERT INTO video_poster(id,video_id,img_id) VALUES(92,2,92);
INSERT INTO video_poster(id,video_id,img_id) VALUES(93,2,93);
INSERT INTO video_poster(id,video_id,img_id) VALUES(94,2,94);
INSERT INTO video_poster(id,video_id,img_id) VALUES(95,2,95);
INSERT INTO video_poster(id,video_id,img_id) VALUES(96,2,96);
INSERT INTO video_poster(id,video_id,img_id) VALUES(97,2,97);
INSERT INTO video_poster(id,video_id,img_id) VALUES(98,2,98);
INSERT INTO video_poster(id,video_id,img_id) VALUES(99,2,99);
INSERT INTO video_poster(id,video_id,img_id) VALUES(100,2,100);
INSERT INTO video_poster(id,video_id,img_id) VALUES(101,2,101);
INSERT INTO video_poster(id,video_id,img_id) VALUES(102,2,102);
INSERT INTO video_poster(id,video_id,img_id) VALUES(103,2,103);
INSERT INTO video_poster(id,video_id,img_id) VALUES(104,2,104);
INSERT INTO video_poster(id,video_id,img_id) VALUES(105,2,105);
INSERT INTO video_poster(id,video_id,img_id) VALUES(106,2,106);
INSERT INTO video_poster(id,video_id,img_id) VALUES(107,2,107);
INSERT INTO video_poster(id,video_id,img_id) VALUES(108,2,108);
INSERT INTO video_poster(id,video_id,img_id) VALUES(109,2,109);
INSERT INTO video_poster(id,video_id,img_id) VALUES(110,2,110);
INSERT INTO video_poster(id,video_id,img_id) VALUES(111,2,111);
INSERT INTO video_poster(id,video_id,img_id) VALUES(112,2,112);
INSERT INTO video_poster(id,video_id,img_id) VALUES(113,2,113);
INSERT INTO video_poster(id,video_id,img_id) VALUES(114,2,114);
INSERT INTO video_poster(id,video_id,img_id) VALUES(115,2,115);
INSERT INTO video_poster(id,video_id,img_id) VALUES(116,2,116);
INSERT INTO video_poster(id,video_id,img_id) VALUES(117,2,117);
INSERT INTO video_poster(id,video_id,img_id) VALUES(118,2,118);
INSERT INTO video_poster(id,video_id,img_id) VALUES(119,2,119);
INSERT INTO video_poster(id,video_id,img_id) VALUES(120,2,120);
INSERT INTO video_poster(id,video_id,img_id) VALUES(121,2,121);
INSERT INTO video_poster(id,video_id,img_id) VALUES(122,2,122);
INSERT INTO video_poster(id,video_id,img_id) VALUES(123,2,123);
INSERT INTO video_poster(id,video_id,img_id) VALUES(124,2,124);
INSERT INTO video_poster(id,video_id,img_id) VALUES(125,2,125);
INSERT INTO video_poster(id,video_id,img_id) VALUES(126,2,126);
INSERT INTO video_poster(id,video_id,img_id) VALUES(127,2,127);
INSERT INTO video_poster(id,video_id,img_id) VALUES(128,2,128);
INSERT INTO video_poster(id,video_id,img_id) VALUES(129,2,129);
INSERT INTO video_poster(id,video_id,img_id) VALUES(130,2,130);
INSERT INTO video_poster(id,video_id,img_id) VALUES(131,2,131);
INSERT INTO video_poster(id,video_id,img_id) VALUES(132,2,132);
INSERT INTO video_poster(id,video_id,img_id) VALUES(133,2,133);
INSERT INTO video_poster(id,video_id,img_id) VALUES(134,2,134);
INSERT INTO video_poster(id,video_id,img_id) VALUES(245,2,245);
INSERT INTO video_poster(id,video_id,img_id) VALUES(246,2,246);
INSERT INTO video_poster(id,video_id,img_id) VALUES(247,2,247);
INSERT INTO video_poster(id,video_id,img_id) VALUES(248,2,248);
INSERT INTO video_poster(id,video_id,img_id) VALUES(249,2,249);
INSERT INTO video_poster(id,video_id,img_id) VALUES(250,2,250);
INSERT INTO video_poster(id,video_id,img_id) VALUES(251,2,251);
INSERT INTO video_poster(id,video_id,img_id) VALUES(252,2,252);
INSERT INTO video_poster(id,video_id,img_id) VALUES(253,2,253);
INSERT INTO video_poster(id,video_id,img_id) VALUES(254,2,254);
INSERT INTO video_poster(id,video_id,img_id) VALUES(255,2,255);
INSERT INTO video_poster(id,video_id,img_id) VALUES(256,2,256);
INSERT INTO video_poster(id,video_id,img_id) VALUES(257,2,257);
INSERT INTO video_poster(id,video_id,img_id) VALUES(258,2,258);
INSERT INTO video_poster(id,video_id,img_id) VALUES(259,2,259);
INSERT INTO video_poster(id,video_id,img_id) VALUES(260,2,260);
INSERT INTO video_poster(id,video_id,img_id) VALUES(261,2,261);
INSERT INTO video_poster(id,video_id,img_id) VALUES(262,2,262);
INSERT INTO video_poster(id,video_id,img_id) VALUES(263,2,263);
INSERT INTO video_poster(id,video_id,img_id) VALUES(264,2,264);
INSERT INTO video_poster(id,video_id,img_id) VALUES(265,2,265);
INSERT INTO video_poster(id,video_id,img_id) VALUES(266,2,266);
INSERT INTO video_poster(id,video_id,img_id) VALUES(267,2,267);
INSERT INTO video_poster(id,video_id,img_id) VALUES(268,2,268);
INSERT INTO video_poster(id,video_id,img_id) VALUES(269,2,269);
INSERT INTO video_poster(id,video_id,img_id) VALUES(270,2,270);
INSERT INTO video_poster(id,video_id,img_id) VALUES(271,2,271);
INSERT INTO video_poster(id,video_id,img_id) VALUES(272,2,272);
INSERT INTO video_poster(id,video_id,img_id) VALUES(273,2,273);
INSERT INTO video_poster(id,video_id,img_id) VALUES(274,2,274);
INSERT INTO video_poster(id,video_id,img_id) VALUES(275,2,275);
INSERT INTO video_poster(id,video_id,img_id) VALUES(276,2,276);
INSERT INTO video_poster(id,video_id,img_id) VALUES(277,2,277);
INSERT INTO video_poster(id,video_id,img_id) VALUES(278,2,278);
INSERT INTO video_poster(id,video_id,img_id) VALUES(279,2,279);
INSERT INTO video_poster(id,video_id,img_id) VALUES(280,2,280);
INSERT INTO video_poster(id,video_id,img_id) VALUES(281,2,281);
INSERT INTO video_poster(id,video_id,img_id) VALUES(282,2,282);
INSERT INTO video_poster(id,video_id,img_id) VALUES(283,2,283);
INSERT INTO video_poster(id,video_id,img_id) VALUES(284,2,284);
INSERT INTO video_poster(id,video_id,img_id) VALUES(285,2,285);
INSERT INTO video_poster(id,video_id,img_id) VALUES(286,2,286);
INSERT INTO video_poster(id,video_id,img_id) VALUES(287,2,287);
INSERT INTO video_poster(id,video_id,img_id) VALUES(288,2,288);
INSERT INTO video_poster(id,video_id,img_id) VALUES(289,2,289);
INSERT INTO video_poster(id,video_id,img_id) VALUES(290,2,290);
INSERT INTO video_poster(id,video_id,img_id) VALUES(291,2,291);
INSERT INTO video_poster(id,video_id,img_id) VALUES(292,2,292);
INSERT INTO video_poster(id,video_id,img_id) VALUES(293,2,293);
INSERT INTO video_poster(id,video_id,img_id) VALUES(294,2,294);
INSERT INTO video_poster(id,video_id,img_id) VALUES(295,2,295);
INSERT INTO video_poster(id,video_id,img_id) VALUES(296,2,296);
INSERT INTO video_poster(id,video_id,img_id) VALUES(297,2,297);
INSERT INTO video_poster(id,video_id,img_id) VALUES(298,2,298);
INSERT INTO video_poster(id,video_id,img_id) VALUES(299,2,299);
INSERT INTO video_poster(id,video_id,img_id) VALUES(300,2,300);
INSERT INTO video_poster(id,video_id,img_id) VALUES(301,2,301);
INSERT INTO video_poster(id,video_id,img_id) VALUES(302,2,302);
INSERT INTO video_poster(id,video_id,img_id) VALUES(303,2,303);
INSERT INTO video_poster(id,video_id,img_id) VALUES(304,2,304);
INSERT INTO video_poster(id,video_id,img_id) VALUES(305,2,305);
INSERT INTO video_poster(id,video_id,img_id) VALUES(306,2,306);
INSERT INTO video_poster(id,video_id,img_id) VALUES(307,2,307);
INSERT INTO video_poster(id,video_id,img_id) VALUES(308,2,308);
INSERT INTO video_poster(id,video_id,img_id) VALUES(309,2,309);
INSERT INTO video_poster(id,video_id,img_id) VALUES(310,2,310);
INSERT INTO video_poster(id,video_id,img_id) VALUES(311,2,311);
INSERT INTO video_poster(id,video_id,img_id) VALUES(312,2,312);
INSERT INTO video_poster(id,video_id,img_id) VALUES(313,2,313);
INSERT INTO video_poster(id,video_id,img_id) VALUES(314,2,314);
INSERT INTO video_poster(id,video_id,img_id) VALUES(315,2,315);
INSERT INTO video_poster(id,video_id,img_id) VALUES(316,2,316);
INSERT INTO video_poster(id,video_id,img_id) VALUES(317,2,317);
INSERT INTO video_poster(id,video_id,img_id) VALUES(318,2,318);
INSERT INTO video_poster(id,video_id,img_id) VALUES(319,2,319);
INSERT INTO video_poster(id,video_id,img_id) VALUES(320,2,320);
INSERT INTO video_poster(id,video_id,img_id) VALUES(321,2,321);
INSERT INTO video_poster(id,video_id,img_id) VALUES(322,2,322);
INSERT INTO video_poster(id,video_id,img_id) VALUES(323,2,323);
INSERT INTO video_poster(id,video_id,img_id) VALUES(324,2,324);
INSERT INTO video_poster(id,video_id,img_id) VALUES(325,2,325);
INSERT INTO video_poster(id,video_id,img_id) VALUES(326,2,326);
INSERT INTO video_poster(id,video_id,img_id) VALUES(327,3,327);
INSERT INTO video_poster(id,video_id,img_id) VALUES(328,3,328);
INSERT INTO video_poster(id,video_id,img_id) VALUES(329,3,329);
INSERT INTO video_poster(id,video_id,img_id) VALUES(330,3,330);
INSERT INTO video_poster(id,video_id,img_id) VALUES(331,3,331);
INSERT INTO video_poster(id,video_id,img_id) VALUES(332,3,332);
INSERT INTO video_poster(id,video_id,img_id) VALUES(333,3,333);
INSERT INTO video_poster(id,video_id,img_id) VALUES(334,3,334);
INSERT INTO video_poster(id,video_id,img_id) VALUES(335,3,335);
INSERT INTO video_poster(id,video_id,img_id) VALUES(336,3,336);
INSERT INTO video_poster(id,video_id,img_id) VALUES(337,3,337);
INSERT INTO video_poster(id,video_id,img_id) VALUES(338,3,338);
INSERT INTO video_poster(id,video_id,img_id) VALUES(339,3,339);
INSERT INTO video_poster(id,video_id,img_id) VALUES(340,3,340);
INSERT INTO video_poster(id,video_id,img_id) VALUES(341,3,341);
INSERT INTO video_poster(id,video_id,img_id) VALUES(342,3,342);
INSERT INTO video_poster(id,video_id,img_id) VALUES(343,3,343);
INSERT INTO video_poster(id,video_id,img_id) VALUES(344,3,344);
INSERT INTO video_poster(id,video_id,img_id) VALUES(345,3,345);
INSERT INTO video_poster(id,video_id,img_id) VALUES(346,3,346);
INSERT INTO video_poster(id,video_id,img_id) VALUES(347,3,347);
INSERT INTO video_poster(id,video_id,img_id) VALUES(348,3,348);
INSERT INTO video_poster(id,video_id,img_id) VALUES(349,3,349);
INSERT INTO video_poster(id,video_id,img_id) VALUES(350,3,350);
INSERT INTO video_poster(id,video_id,img_id) VALUES(351,3,351);
INSERT INTO video_poster(id,video_id,img_id) VALUES(352,3,352);
INSERT INTO video_poster(id,video_id,img_id) VALUES(353,3,353);
INSERT INTO video_poster(id,video_id,img_id) VALUES(354,3,354);
INSERT INTO video_poster(id,video_id,img_id) VALUES(355,3,355);
INSERT INTO video_poster(id,video_id,img_id) VALUES(356,3,356);
INSERT INTO video_poster(id,video_id,img_id) VALUES(357,3,357);
INSERT INTO video_poster(id,video_id,img_id) VALUES(358,3,358);
INSERT INTO video_poster(id,video_id,img_id) VALUES(359,3,359);
INSERT INTO video_poster(id,video_id,img_id) VALUES(360,3,360);
INSERT INTO video_poster(id,video_id,img_id) VALUES(361,3,361);
INSERT INTO video_poster(id,video_id,img_id) VALUES(362,3,362);
INSERT INTO video_poster(id,video_id,img_id) VALUES(363,3,363);
INSERT INTO video_poster(id,video_id,img_id) VALUES(364,3,364);
INSERT INTO video_poster(id,video_id,img_id) VALUES(365,3,365);
INSERT INTO video_poster(id,video_id,img_id) VALUES(366,3,366);
INSERT INTO video_poster(id,video_id,img_id) VALUES(367,3,367);
INSERT INTO video_poster(id,video_id,img_id) VALUES(368,3,368);
INSERT INTO video_poster(id,video_id,img_id) VALUES(369,3,369);
INSERT INTO video_poster(id,video_id,img_id) VALUES(370,3,370);
INSERT INTO video_poster(id,video_id,img_id) VALUES(371,3,371);
INSERT INTO video_poster(id,video_id,img_id) VALUES(372,3,372);
INSERT INTO video_poster(id,video_id,img_id) VALUES(373,3,373);
INSERT INTO video_poster(id,video_id,img_id) VALUES(374,3,374);
INSERT INTO video_poster(id,video_id,img_id) VALUES(375,3,375);
INSERT INTO video_poster(id,video_id,img_id) VALUES(376,3,376);
INSERT INTO video_poster(id,video_id,img_id) VALUES(377,3,377);
INSERT INTO video_poster(id,video_id,img_id) VALUES(378,3,378);
INSERT INTO video_poster(id,video_id,img_id) VALUES(379,3,379);
INSERT INTO video_poster(id,video_id,img_id) VALUES(380,3,380);
INSERT INTO video_poster(id,video_id,img_id) VALUES(381,3,381);
INSERT INTO video_poster(id,video_id,img_id) VALUES(382,3,382);
INSERT INTO video_poster(id,video_id,img_id) VALUES(383,3,383);
INSERT INTO video_poster(id,video_id,img_id) VALUES(384,3,384);
INSERT INTO video_poster(id,video_id,img_id) VALUES(385,3,385);
INSERT INTO video_poster(id,video_id,img_id) VALUES(386,3,386);
INSERT INTO video_poster(id,video_id,img_id) VALUES(387,3,387);
INSERT INTO video_poster(id,video_id,img_id) VALUES(388,3,388);
INSERT INTO video_poster(id,video_id,img_id) VALUES(389,3,389);
INSERT INTO video_poster(id,video_id,img_id) VALUES(390,3,390);
INSERT INTO video_poster(id,video_id,img_id) VALUES(391,3,391);
INSERT INTO video_poster(id,video_id,img_id) VALUES(392,3,392);
INSERT INTO video_poster(id,video_id,img_id) VALUES(393,3,393);
INSERT INTO video_poster(id,video_id,img_id) VALUES(394,3,394);
INSERT INTO video_poster(id,video_id,img_id) VALUES(395,3,395);
INSERT INTO video_poster(id,video_id,img_id) VALUES(396,3,396);
INSERT INTO video_poster(id,video_id,img_id) VALUES(397,3,397);
INSERT INTO video_poster(id,video_id,img_id) VALUES(398,3,398);
INSERT INTO video_poster(id,video_id,img_id) VALUES(399,3,399);
INSERT INTO video_poster(id,video_id,img_id) VALUES(400,3,400);
INSERT INTO video_poster(id,video_id,img_id) VALUES(401,3,401);
INSERT INTO video_poster(id,video_id,img_id) VALUES(402,3,402);
INSERT INTO video_poster(id,video_id,img_id) VALUES(403,3,403);
INSERT INTO video_poster(id,video_id,img_id) VALUES(404,3,404);
INSERT INTO video_poster(id,video_id,img_id) VALUES(405,3,405);
INSERT INTO video_poster(id,video_id,img_id) VALUES(406,3,406);
INSERT INTO video_poster(id,video_id,img_id) VALUES(407,3,407);
INSERT INTO video_poster(id,video_id,img_id) VALUES(408,3,408);
INSERT INTO video_poster(id,video_id,img_id) VALUES(409,3,409);
INSERT INTO video_poster(id,video_id,img_id) VALUES(410,3,410);
INSERT INTO video_poster(id,video_id,img_id) VALUES(411,3,411);
INSERT INTO video_poster(id,video_id,img_id) VALUES(412,3,412);
INSERT INTO video_poster(id,video_id,img_id) VALUES(413,3,413);
INSERT INTO video_poster(id,video_id,img_id) VALUES(414,3,414);
INSERT INTO video_poster(id,video_id,img_id) VALUES(415,3,415);
INSERT INTO video_poster(id,video_id,img_id) VALUES(416,3,416);
INSERT INTO video_poster(id,video_id,img_id) VALUES(417,3,417);
INSERT INTO video_poster(id,video_id,img_id) VALUES(418,3,418);
INSERT INTO video_poster(id,video_id,img_id) VALUES(419,3,419);
INSERT INTO video_poster(id,video_id,img_id) VALUES(420,3,420);
INSERT INTO video_poster(id,video_id,img_id) VALUES(421,3,421);
INSERT INTO video_poster(id,video_id,img_id) VALUES(422,3,422);
INSERT INTO video_poster(id,video_id,img_id) VALUES(423,3,423);
INSERT INTO video_poster(id,video_id,img_id) VALUES(424,3,424);
INSERT INTO video_poster(id,video_id,img_id) VALUES(425,3,425);
INSERT INTO video_poster(id,video_id,img_id) VALUES(426,3,426);
INSERT INTO video_poster(id,video_id,img_id) VALUES(427,3,427);
INSERT INTO video_poster(id,video_id,img_id) VALUES(428,3,428);
INSERT INTO video_poster(id,video_id,img_id) VALUES(429,3,429);
INSERT INTO video_poster(id,video_id,img_id) VALUES(430,3,430);
INSERT INTO video_poster(id,video_id,img_id) VALUES(431,3,431);
INSERT INTO video_poster(id,video_id,img_id) VALUES(432,3,432);
INSERT INTO video_poster(id,video_id,img_id) VALUES(433,3,433);
INSERT INTO video_poster(id,video_id,img_id) VALUES(434,3,434);
INSERT INTO video_poster(id,video_id,img_id) VALUES(435,3,435);
INSERT INTO video_poster(id,video_id,img_id) VALUES(436,3,436);
INSERT INTO video_poster(id,video_id,img_id) VALUES(437,3,437);
INSERT INTO video_poster(id,video_id,img_id) VALUES(438,3,438);
INSERT INTO video_poster(id,video_id,img_id) VALUES(439,3,439);
INSERT INTO video_poster(id,video_id,img_id) VALUES(440,3,440);
INSERT INTO video_poster(id,video_id,img_id) VALUES(441,3,441);
INSERT INTO video_poster(id,video_id,img_id) VALUES(442,3,442);
INSERT INTO video_poster(id,video_id,img_id) VALUES(443,3,443);
INSERT INTO video_poster(id,video_id,img_id) VALUES(444,3,444);
INSERT INTO video_poster(id,video_id,img_id) VALUES(445,3,445);
INSERT INTO video_poster(id,video_id,img_id) VALUES(446,3,446);
INSERT INTO video_poster(id,video_id,img_id) VALUES(447,4,447);
INSERT INTO video_poster(id,video_id,img_id) VALUES(448,4,448);
INSERT INTO video_poster(id,video_id,img_id) VALUES(449,4,449);
INSERT INTO video_poster(id,video_id,img_id) VALUES(450,4,450);
INSERT INTO video_poster(id,video_id,img_id) VALUES(451,4,451);
INSERT INTO video_poster(id,video_id,img_id) VALUES(452,4,452);
INSERT INTO video_poster(id,video_id,img_id) VALUES(453,4,453);
INSERT INTO video_poster(id,video_id,img_id) VALUES(454,4,454);
INSERT INTO video_poster(id,video_id,img_id) VALUES(455,4,455);
INSERT INTO video_poster(id,video_id,img_id) VALUES(456,4,456);
INSERT INTO video_poster(id,video_id,img_id) VALUES(457,4,457);
INSERT INTO video_poster(id,video_id,img_id) VALUES(458,4,458);
INSERT INTO video_poster(id,video_id,img_id) VALUES(459,4,459);
INSERT INTO video_poster(id,video_id,img_id) VALUES(460,4,460);
INSERT INTO video_poster(id,video_id,img_id) VALUES(461,4,461);
INSERT INTO video_poster(id,video_id,img_id) VALUES(462,4,462);
INSERT INTO video_poster(id,video_id,img_id) VALUES(463,4,463);
INSERT INTO video_poster(id,video_id,img_id) VALUES(464,4,464);
INSERT INTO video_poster(id,video_id,img_id) VALUES(465,4,465);
INSERT INTO video_poster(id,video_id,img_id) VALUES(466,4,466);
INSERT INTO video_poster(id,video_id,img_id) VALUES(467,4,467);
INSERT INTO video_poster(id,video_id,img_id) VALUES(468,4,468);
INSERT INTO video_poster(id,video_id,img_id) VALUES(469,4,469);
INSERT INTO video_poster(id,video_id,img_id) VALUES(470,4,470);
INSERT INTO video_poster(id,video_id,img_id) VALUES(471,4,471);
INSERT INTO video_poster(id,video_id,img_id) VALUES(472,4,472);
INSERT INTO video_poster(id,video_id,img_id) VALUES(473,4,473);
INSERT INTO video_poster(id,video_id,img_id) VALUES(474,4,474);
INSERT INTO video_poster(id,video_id,img_id) VALUES(475,4,475);
INSERT INTO video_poster(id,video_id,img_id) VALUES(476,4,476);
INSERT INTO video_poster(id,video_id,img_id) VALUES(477,4,477);
INSERT INTO video_poster(id,video_id,img_id) VALUES(478,4,478);
INSERT INTO video_poster(id,video_id,img_id) VALUES(479,4,479);
INSERT INTO video_poster(id,video_id,img_id) VALUES(480,4,480);
INSERT INTO video_poster(id,video_id,img_id) VALUES(481,4,481);
INSERT INTO video_poster(id,video_id,img_id) VALUES(482,4,482);
INSERT INTO video_poster(id,video_id,img_id) VALUES(483,4,483);
INSERT INTO video_poster(id,video_id,img_id) VALUES(484,4,484);
INSERT INTO video_poster(id,video_id,img_id) VALUES(485,4,485);
INSERT INTO video_poster(id,video_id,img_id) VALUES(486,4,486);
INSERT INTO video_poster(id,video_id,img_id) VALUES(487,4,487);
INSERT INTO video_poster(id,video_id,img_id) VALUES(488,4,488);
INSERT INTO video_poster(id,video_id,img_id) VALUES(489,4,489);
INSERT INTO video_poster(id,video_id,img_id) VALUES(490,4,490);
INSERT INTO video_poster(id,video_id,img_id) VALUES(491,4,491);
INSERT INTO video_poster(id,video_id,img_id) VALUES(492,4,492);
INSERT INTO video_poster(id,video_id,img_id) VALUES(493,4,493);
INSERT INTO video_poster(id,video_id,img_id) VALUES(494,4,494);
INSERT INTO video_poster(id,video_id,img_id) VALUES(495,4,495);
INSERT INTO video_poster(id,video_id,img_id) VALUES(496,4,496);
INSERT INTO video_poster(id,video_id,img_id) VALUES(497,4,497);
INSERT INTO video_poster(id,video_id,img_id) VALUES(498,4,498);
INSERT INTO video_poster(id,video_id,img_id) VALUES(499,4,499);
INSERT INTO video_poster(id,video_id,img_id) VALUES(500,4,500);
INSERT INTO video_poster(id,video_id,img_id) VALUES(501,4,501);
INSERT INTO video_poster(id,video_id,img_id) VALUES(502,4,502);
INSERT INTO video_poster(id,video_id,img_id) VALUES(503,4,503);
INSERT INTO video_poster(id,video_id,img_id) VALUES(504,4,504);
INSERT INTO video_poster(id,video_id,img_id) VALUES(505,4,505);
INSERT INTO video_poster(id,video_id,img_id) VALUES(506,4,506);
INSERT INTO video_poster(id,video_id,img_id) VALUES(507,4,507);
INSERT INTO video_poster(id,video_id,img_id) VALUES(508,4,508);
INSERT INTO video_poster(id,video_id,img_id) VALUES(509,4,509);
INSERT INTO video_poster(id,video_id,img_id) VALUES(510,4,510);
INSERT INTO video_poster(id,video_id,img_id) VALUES(511,4,511);
INSERT INTO video_poster(id,video_id,img_id) VALUES(512,4,512);
INSERT INTO video_poster(id,video_id,img_id) VALUES(513,4,513);
INSERT INTO video_poster(id,video_id,img_id) VALUES(514,4,514);
INSERT INTO video_poster(id,video_id,img_id) VALUES(515,4,515);
INSERT INTO video_poster(id,video_id,img_id) VALUES(516,4,516);
INSERT INTO video_poster(id,video_id,img_id) VALUES(517,4,517);
INSERT INTO video_poster(id,video_id,img_id) VALUES(518,4,518);
INSERT INTO video_poster(id,video_id,img_id) VALUES(519,4,519);
INSERT INTO video_poster(id,video_id,img_id) VALUES(520,4,520);
INSERT INTO video_poster(id,video_id,img_id) VALUES(521,4,521);
INSERT INTO video_poster(id,video_id,img_id) VALUES(522,4,522);
CREATE UNIQUE INDEX "video_poster.video_id.img_id" ON "video_poster" (
	"video_id",
	"img_id"
);
CREATE TABLE "video_poster_locale" (
	"id"	INTEGER NOT NULL PRIMARY KEY AUTOINCREMENT,
	"locale_id"	INTEGER NOT NULL,
	"video_id"	INTEGER NOT NULL,
	"img_id"	INTEGER NOT NULL
);
INSERT INTO video_poster_locale(id,locale_id,video_id,img_id) VALUES(1,126,1,1);
INSERT INTO video_poster_locale(id,locale_id,video_id,img_id) VALUES(2,126,2,80);
INSERT INTO video_poster_locale(id,locale_id,video_id,img_id) VALUES(3,126,3,327);
CREATE UNIQUE INDEX "video_poster_locale.video_id.locale_id" ON "video_poster_locale" (
	"video_id",
	"locale_id"
);
CREATE TABLE "video_site" (
	"id"	INTEGER NOT NULL,
	"val"	TEXT NOT NULL,
	"video_id"	INTEGER NOT NULL,
	PRIMARY KEY("id")
);
CREATE UNIQUE INDEX "video_site.video_id.val" ON "video_site" (
	"video_id",
	"val"
);
CREATE TABLE "video_star" (
	"id"	INTEGER NOT NULL PRIMARY KEY AUTOINCREMENT,
	"video_id"	INTEGER NOT NULL,
	"person_id"	INTEGER NOT NULL
);
INSERT INTO video_star(id,video_id,person_id) VALUES(1,1,2);
INSERT INTO video_star(id,video_id,person_id) VALUES(2,1,3);
INSERT INTO video_star(id,video_id,person_id) VALUES(3,1,4);
INSERT INTO video_star(id,video_id,person_id) VALUES(4,1,5);
INSERT INTO video_star(id,video_id,person_id) VALUES(5,2,7);
INSERT INTO video_star(id,video_id,person_id) VALUES(6,2,8);
INSERT INTO video_star(id,video_id,person_id) VALUES(7,2,9);
INSERT INTO video_star(id,video_id,person_id) VALUES(8,2,10);
INSERT INTO video_star(id,video_id,person_id) VALUES(25,3,32);
INSERT INTO video_star(id,video_id,person_id) VALUES(26,3,33);
INSERT INTO video_star(id,video_id,person_id) VALUES(27,3,34);
INSERT INTO video_star(id,video_id,person_id) VALUES(28,3,35);
INSERT INTO video_star(id,video_id,person_id) VALUES(29,4,37);
INSERT INTO video_star(id,video_id,person_id) VALUES(30,4,38);
INSERT INTO video_star(id,video_id,person_id) VALUES(31,4,39);
INSERT INTO video_star(id,video_id,person_id) VALUES(32,4,40);
CREATE UNIQUE INDEX "video_star.video_id.star_id" ON "video_star" (
	"video_id",
	"person_id"
);
CREATE TABLE "video_tag" (
	"id"	INTEGER NOT NULL PRIMARY KEY AUTOINCREMENT,
	"video_id"	INTEGER NOT NULL,
	"tag_id"	INTEGER NOT NULL
);
INSERT INTO video_tag(id,video_id,tag_id) VALUES(1,1,1);
INSERT INTO video_tag(id,video_id,tag_id) VALUES(2,1,2);
INSERT INTO video_tag(id,video_id,tag_id) VALUES(3,1,3);
INSERT INTO video_tag(id,video_id,tag_id) VALUES(4,1,4);
INSERT INTO video_tag(id,video_id,tag_id) VALUES(5,1,5);
INSERT INTO video_tag(id,video_id,tag_id) VALUES(6,1,6);
INSERT INTO video_tag(id,video_id,tag_id) VALUES(7,1,7);
INSERT INTO video_tag(id,video_id,tag_id) VALUES(8,1,8);
INSERT INTO video_tag(id,video_id,tag_id) VALUES(9,1,9);
INSERT INTO video_tag(id,video_id,tag_id) VALUES(10,2,10);
INSERT INTO video_tag(id,video_id,tag_id) VALUES(11,2,11);
INSERT INTO video_tag(id,video_id,tag_id) VALUES(12,2,12);
INSERT INTO video_tag(id,video_id,tag_id) VALUES(13,2,1);
INSERT INTO video_tag(id,video_id,tag_id) VALUES(14,2,6);
INSERT INTO video_tag(id,video_id,tag_id) VALUES(15,2,15);
INSERT INTO video_tag(id,video_id,tag_id) VALUES(16,2,16);
INSERT INTO video_tag(id,video_id,tag_id) VALUES(17,2,17);
INSERT INTO video_tag(id,video_id,tag_id) VALUES(18,2,18);
INSERT INTO video_tag(id,video_id,tag_id) VALUES(55,3,10);
INSERT INTO video_tag(id,video_id,tag_id) VALUES(56,3,56);
INSERT INTO video_tag(id,video_id,tag_id) VALUES(57,3,57);
INSERT INTO video_tag(id,video_id,tag_id) VALUES(58,3,58);
INSERT INTO video_tag(id,video_id,tag_id) VALUES(59,3,1);
INSERT INTO video_tag(id,video_id,tag_id) VALUES(60,3,60);
INSERT INTO video_tag(id,video_id,tag_id) VALUES(61,3,61);
INSERT INTO video_tag(id,video_id,tag_id) VALUES(62,3,6);
INSERT INTO video_tag(id,video_id,tag_id) VALUES(63,3,63);
INSERT INTO video_tag(id,video_id,tag_id) VALUES(64,4,64);
INSERT INTO video_tag(id,video_id,tag_id) VALUES(65,4,5);
INSERT INTO video_tag(id,video_id,tag_id) VALUES(66,4,66);
INSERT INTO video_tag(id,video_id,tag_id) VALUES(67,4,67);
INSERT INTO video_tag(id,video_id,tag_id) VALUES(68,4,68);
INSERT INTO video_tag(id,video_id,tag_id) VALUES(69,4,1);
INSERT INTO video_tag(id,video_id,tag_id) VALUES(70,4,70);
INSERT INTO video_tag(id,video_id,tag_id) VALUES(71,4,71);
INSERT INTO video_tag(id,video_id,tag_id) VALUES(72,4,72);
CREATE INDEX "video_tag.tag_id" ON "video_tag" (
	"tag_id"
);
CREATE UNIQUE INDEX "video_tag.video_id.tag_id" ON "video_tag" (
	"video_id",
	"tag_id"
);
CREATE TABLE "video_title" (
	"id"	INTEGER NOT NULL PRIMARY KEY AUTOINCREMENT,
	"val"	TEXT NOT NULL UNIQUE
);
INSERT INTO video_title(id,val) VALUES(1,'我不是药神');
INSERT INTO video_title(id,val) VALUES(2,'中国药神');
INSERT INTO video_title(id,val) VALUES(3,'印度药神');
INSERT INTO video_title(id,val) VALUES(4,'印度药商');
INSERT INTO video_title(id,val) VALUES(5,'生命之路');
INSERT INTO video_title(id,val) VALUES(6,'Dying to Survive');
INSERT INTO video_title(id,val) VALUES(7,'Drug Dealer');
INSERT INTO video_title(id,val) VALUES(8,'Léon');
INSERT INTO video_title(id,val) VALUES(9,'这个杀手不太冷');
INSERT INTO video_title(id,val) VALUES(10,'杀手莱昂');
INSERT INTO video_title(id,val) VALUES(11,'终极追杀令');
INSERT INTO video_title(id,val) VALUES(12,'杀手里昂');
INSERT INTO video_title(id,val) VALUES(13,'Leon');
INSERT INTO video_title(id,val) VALUES(14,'Leon: The Professional');
INSERT INTO video_title(id,val) VALUES(43,'The Shawshank Redemption');
INSERT INTO video_title(id,val) VALUES(44,'肖申克的救赎');
INSERT INTO video_title(id,val) VALUES(45,'月黑高飞');
INSERT INTO video_title(id,val) VALUES(46,'刺激1995');
INSERT INTO video_title(id,val) VALUES(47,'地狱诺言');
INSERT INTO video_title(id,val) VALUES(48,'铁窗岁月');
INSERT INTO video_title(id,val) VALUES(49,'消香克的救赎');
INSERT INTO video_title(id,val) VALUES(50,'流浪地球');
INSERT INTO video_title(id,val) VALUES(51,'The Wandering Earth');
CREATE TABLE "video_title_locale" (
	"id"	INTEGER NOT NULL PRIMARY KEY AUTOINCREMENT,
	"title_id"	INTEGER NOT NULL DEFAULT 0,
	"locale_id"	INTEGER NOT NULL DEFAULT 0,
	"video_id"	INTEGER NOT NULL DEFAULT 0
);
INSERT INTO video_title_locale(id,title_id,locale_id,video_id) VALUES(1,2,0,1);
INSERT INTO video_title_locale(id,title_id,locale_id,video_id) VALUES(2,3,0,1);
INSERT INTO video_title_locale(id,title_id,locale_id,video_id) VALUES(3,4,0,1);
INSERT INTO video_title_locale(id,title_id,locale_id,video_id) VALUES(4,5,0,1);
INSERT INTO video_title_locale(id,title_id,locale_id,video_id) VALUES(5,6,0,1);
INSERT INTO video_title_locale(id,title_id,locale_id,video_id) VALUES(6,7,0,1);
INSERT INTO video_title_locale(id,title_id,locale_id,video_id) VALUES(7,9,126,2);
INSERT INTO video_title_locale(id,title_id,locale_id,video_id) VALUES(8,10,0,2);
INSERT INTO video_title_locale(id,title_id,locale_id,video_id) VALUES(9,11,227,2);
INSERT INTO video_title_locale(id,title_id,locale_id,video_id) VALUES(10,12,0,2);
INSERT INTO video_title_locale(id,title_id,locale_id,video_id) VALUES(11,13,0,2);
INSERT INTO video_title_locale(id,title_id,locale_id,video_id) VALUES(12,14,0,2);
INSERT INTO video_title_locale(id,title_id,locale_id,video_id) VALUES(37,44,126,3);
INSERT INTO video_title_locale(id,title_id,locale_id,video_id) VALUES(38,45,161,3);
INSERT INTO video_title_locale(id,title_id,locale_id,video_id) VALUES(39,46,227,3);
INSERT INTO video_title_locale(id,title_id,locale_id,video_id) VALUES(40,47,0,3);
INSERT INTO video_title_locale(id,title_id,locale_id,video_id) VALUES(41,48,0,3);
INSERT INTO video_title_locale(id,title_id,locale_id,video_id) VALUES(42,49,0,3);
INSERT INTO video_title_locale(id,title_id,locale_id,video_id) VALUES(43,51,0,4);
CREATE UNIQUE INDEX "video_title_locale.video_id.title_id" ON "video_title_locale" (
	"video_id",
	"title_id"
);
CREATE TABLE "video_txt" (
	"id"	INTEGER NOT NULL PRIMARY KEY AUTOINCREMENT,
	"video_id"	INTEGER NOT NULL,
	"val"	TEXT NOT NULL,
	"lang_id"	INTEGER NOT NULL
);
INSERT INTO video_txt(id,video_id,val,lang_id) VALUES(1,1,'普通中年男子程勇（徐峥 饰）经营着一家保健品店，失意又失婚。不速之客吕受益（王传君 饰）的到来，让他开辟了一条去印度买药做“代购”的新事业，虽然困难重重，但他在这条“买药之路”上发现了商机，一发不可收拾地做起了治疗慢粒白血病的印度仿制药独家代理商。赚钱的同时，他也认识了几个病患及家属，为救女儿被迫做舞女的思慧（谭卓 饰）、说一口流利“神父腔”英语的刘牧师（杨新鸣 饰），以及脾气暴烈的“黄毛”（章宇 饰），几个人合伙做起了生意，利润倍增的同时也危机四伏。程勇昔日的小舅子曹警官（周一围 饰）奉命调查仿制药的源头，假药贩子张长林（王砚辉 饰）和瑞士正牌医药代表（李乃文 饰）也对其虎视眈眈，生意逐渐变成了一场关于救赎的拉锯战。
本片改编自慢粒白血病患者陆勇代购抗癌药的真实事迹。',18);
INSERT INTO video_txt(id,video_id,val,lang_id) VALUES(2,2,'里昂（让·雷诺饰）是名孤独的职业杀手，受人雇佣。一天，邻居家小姑娘马蒂尔达（纳塔丽·波特曼饰)敲开他的房门，要求在他那里暂避杀身之祸。原来邻居家的主人是警方缉毒组的眼线，只因贪污了一小包毒品而遭恶警（加里·奥德曼饰）杀害全家的惩罚。马蒂尔达得到里昂的留救，幸免于难，并留在里昂那里。里昂教小女孩使枪，她教里昂法文，两人关系日趋亲密，相处融洽。
女孩想着去报仇，反倒被抓，里昂及时赶到，将女孩救回。混杂着哀怨情仇的正邪之战渐次升级，更大的冲突在所难免……',18);
INSERT INTO video_txt(id,video_id,val,lang_id) VALUES(7,3,'20世纪40年代末，小有成就的青年银行家安迪（蒂姆·罗宾斯 Tim Robbins 饰）因涉嫌杀害妻子及她的情人而锒铛入狱。在这座名为肖申克的监狱内，希望似乎虚无缥缈，终身监禁的惩罚无疑注定了安迪接下来灰暗绝望的人生。未过多久，安迪尝试接近囚犯中颇有声望的瑞德（摩根·弗里曼 Morgan Freeman 饰），请求对方帮自己搞来小锤子。以此为契机，二人逐渐熟稔，安迪也仿佛在鱼龙混杂、罪恶横生、黑白混淆的牢狱中找到属于自己的求生之道。他利用自身的专业知识，帮助监狱管理层逃税、洗黑钱，同时凭借与瑞德的交往在犯人中间也渐渐受到礼遇。表面看来，他已如瑞德那样对那堵高墙从憎恨转变为处之泰然，但是对自由的渴望仍促使他朝着心中的希望和目标前进。而关于其罪行的真相，似乎更使这一切朝前推进了一步……
本片根据著名作家斯蒂芬·金（Stephen Edwin King）的原著改编。',18);
INSERT INTO video_txt(id,video_id,val,lang_id) VALUES(8,4,'近未来，科学家们发现太阳急速衰老膨胀，短时间内包括地球在内的整个太阳系都将被太阳所吞没。为了自救，人类提出一个名为“流浪地球”的大胆计划，即倾全球之力在地球表面建造上万座发动机和转向发动机，推动地球离开太阳系，用2500年的时间奔往另外一个栖息之地。中国航天员刘培强（吴京 饰）在儿子刘启四岁那年前往国际空间站，和国际同侪肩负起领航者的重任。转眼刘启（屈楚萧 饰）长大，他带着妹妹朵朵（赵今麦 饰）偷偷跑到地表，偷开外公韩子昂（吴孟达 饰）的运输车，结果不仅遭到逮捕，还遭遇了全球发动机停摆的事件。为了修好发动机，阻止地球坠入木星，全球开始展开饱和式营救，连刘启他们的车也被强征加入。在与时间赛跑的过程中，无数的人前仆后继，奋不顾身，只为延续百代子孙生存的希望……
本片根据刘慈欣的同名小说改编。',18);
CREATE UNIQUE INDEX "video_txt.video_id.lang_id" ON "video_txt" (
	"video_id",
	"lang_id"
);
